"FEATURE,N,8,0","IDINCENDIO,N,10,5","NUMPARTE,N,12,5","FECHA,C,4","CMUNICIPIO,N,5,0","MUNICIPIO,C,100","FECHAEXTIN,C,10","SUPFOREST,N,19,2","SUPQUEMADA,N,19,2","SUPDIBUJO,N,19,2","GEOM_AREA,N,19,2","GEOM_PERI,N,19,2","BEGINLIFE,C,10"
30200036,0,0,2011,54,Bertizarana,11/02/2011,18.99,18.99,18.99,189857.77,2438.81,01/01/2020
30200036,1,2011310081,2011,54,Bertizarana,11/02/2011,13.6,13.6,13.6,136015.97,1987.64,01/01/2020
30200036,2,2011310082,2011,54,Bertizarana,12/02/2011,7.35,7.35,7.35,73543.34,1580.51,01/01/2020
30200036,3,2011310079,2011,241,Urraúl Alto,10/02/2011,1.56,1.56,1.56,15600.33,613.15,01/01/2020
30200036,4,0,2011,241,Urraúl Alto,10/02/2011,0.62,0.62,0.62,6226.84,377.94,01/01/2020
30200036,5,2011310070,2011,50,Baztan,09/02/2011,3.7,3.7,3.7,37004.89,1206.36,01/01/2020
30200036,6,2011310072,2011,50,Baztan,09/02/2011,2.11,2.11,2.11,21061.94,806.27,01/01/2020
30200036,7,2011310052,2011,150,Leoz / Leotz,05/02/2011,7.28,7.28,7.28,72838.98,1123.02,01/01/2020
30200036,8,2011310059,2011,49,Basaburua,06/02/2011,0.63,0.63,0.63,6284.05,396.32,01/01/2020
30200036,10,2011310064,2011,17,Anue,07/02/2011,2.88,2.88,2.88,28831.91,910.06,01/01/2020
30200036,11,2011310114,2011,54,Bertizarana,18/02/2011,8.66,8.66,8.66,86592.7,2277.09,01/01/2020
30200036,12,2011310020,2011,144,Larraun,21/01/2011,0.5,0.5,0.5,5037.04,322.46,01/01/2020
30200036,13,2011310128,2011,50,Baztan,11/02/2011,5.13,5.13,5.13,51340.61,1673.27,01/01/2020
30200036,14,2011310063,2011,50,Baztan,07/02/2011,12.8,12.8,12.8,128002.57,1819.59,01/01/2020
30200036,15,2011310075,2011,115,Garralda,10/02/2011,1.67,1.67,1.67,16738.91,615.76,01/01/2020
30200036,16,2011310017,2011,224,Sesma,20/01/2011,1.17,1.17,1.17,11684.47,567.23,01/01/2020
30200036,17,2011310069,2011,50,Baztan,08/02/2011,6.56,6.56,6.56,65641.26,1407.21,01/01/2020
30200036,18,2011310151,2011,137,Beintza-Labaien,10/03/2011,2.7,2.7,2.7,27029.04,828.39,01/01/2020
30200036,19,2011310164,2011,117,Goizueta,12/03/2011,1.58,1.58,1.58,15849.52,659.24,01/01/2020
30200036,20,2011310165,2011,263,Zubieta,13/03/2011,1.45,1.45,1.45,14516.19,569.26,01/01/2020
30200036,22,2011310144,2011,50,Baztan,08/03/2011,0.29,0.29,0.29,2850.82,220.05,01/01/2020
30200036,23,2011310136,2011,50,Baztan,07/03/2011,1.22,1.22,1.22,12209.6,458.25,01/01/2020
30200036,25,2011310187,2011,50,Baztan,26/03/2011,2.23,2.23,2.23,22272.4,905.6,01/01/2020
30200036,26,2011310169,2011,144,Larraun,14/03/2011,2.35,2.35,2.35,23532.97,1029.37,01/01/2020
30200036,27,2011310006,2011,188,Oláibar,07/01/2011,0.2,0.2,0.2,1958.12,228.58,01/01/2020
30200036,28,2011310036,2011,91,Ergoiena,28/01/2011,0.24,0.24,0.24,2410.94,233.57,01/01/2020
30200036,29,2011310058,2011,265,Zúñiga,06/02/2011,3.85,3.85,3.85,38468.98,983.91,01/01/2020
30200036,30,2011310074,2011,49,Basaburua,09/02/2011,0.21,0.21,0.21,2071.76,170.54,01/01/2020
30200036,31,2011310124,2011,77,Corella,26/02/2011,0.92,0.92,0.92,9238.46,467.64,01/01/2020
30200036,32,2011310178,2011,64,Cadreita,23/03/2011,1.68,1.68,1.68,16824.03,656.61,01/01/2020
30200036,33,2011310179,2011,50,Baztan,26/03/2011,2.62,2.62,2.62,26247.21,1009.65,01/01/2020
30200036,34,2011310168,2011,144,Larraun,14/03/2011,4.57,4.57,4.57,45650.15,1510.35,01/01/2020
30200036,35,2011310171,2011,80,Dicastillo,18/03/2011,0.79,0.79,0.79,7909.8,549.45,01/01/2020
30200036,36,2011310194,2011,144,Larraun,28/03/2011,2.38,2.38,2.38,23827.8,853.94,01/01/2020
30200036,37,2011310170,2011,144,Larraun,14/03/2011,1.64,1.64,1.64,16378.68,663.9,01/01/2020
30200036,38,2011310201,2011,149,Leitza,01/04/2011,8.96,8.96,8.96,89561.05,1099.35,01/01/2020
30200036,39,2011310203,2011,153,Lesaka,02/04/2011,3.73,3.73,3.73,37282.18,845.33,01/01/2020
30200036,40,2011310248,2011,123,Uharte Arakil,20/04/2011,0.34,0.34,0.34,3422.18,235.94,01/01/2020
30200036,41,2011310310,2011,157,Lodosa,03/06/2011,4.31,4.31,4.31,43122.33,1462.11,01/01/2020
30200036,42,2011310316,2011,167,Mendigorria,17/06/2011,4.15,4.15,4.15,41500.79,817.15,01/01/2020
30200036,43,2011310318,2011,18,Añorbe,19/06/2011,0.33,0.33,0.33,3250.42,228.55,01/01/2020
30200036,44,2011310319,2011,175,Mues,20/06/2011,4.89,4.89,4.89,48884.06,957.1,01/01/2020
30200036,45,2011310323,2011,167,Mendigorria,22/06/2011,11.14,11.14,11.14,111405.95,1404.22,01/01/2020
30200036,46,2011310324,2011,29,Los Arcos,22/06/2011,58.26,58.26,58.26,582588.57,4550.55,01/01/2020
30200036,47,2011310325,2011,26,Aras,22/06/2011,1.72,1.72,1.72,17165.36,955.39,01/01/2020
30200036,48,2011310327,2011,74,Cirauqui / Zirauki,24/06/2011,30.38,30.38,30.38,303785.5,2950.2,01/01/2020
30200036,49,2011310339,2011,18,Añorbe,03/07/2011,4.82,4.82,4.82,48206.89,1135.49,01/01/2020
30200036,50,2011310339,2011,18,Añorbe,03/07/2011,2.91,2.91,2.91,29063.36,931.87,01/01/2020
30200036,51,2011310340,2011,200,Oteiza,04/07/2011,10.65,10.65,10.65,106517.86,1832.26,01/01/2020
30200036,52,2011310343,2011,74,Cirauqui / Zirauki,06/07/2011,49.71,49.71,49.71,497112.47,4909.35,01/01/2020
30200036,53,2011310358,2011,152,Lerín,19/07/2011,19.58,19.58,19.58,195818.81,3163.32,01/01/2020
30200036,54,2011310362,2011,97,Estella-Lizarra,21/07/2011,7.22,7.22,7.22,72239.04,1241.53,01/01/2020
30200036,55,2011310364,2011,77,Corella,22/07/2011,0.31,0.31,0.31,3090.42,290.52,01/01/2020
30200036,56,2011310369,2011,190,Olejua,24/07/2011,0.92,0.92,0.92,9191.81,386.04,01/01/2020
30200036,57,2011310389,2011,187,Oiz,05/07/2011,1.12,1.12,1.12,11177.02,443.22,01/01/2020
30200036,58,2011310395,2011,245,Urzainqui / Urzainki,10/08/2011,0.97,0.97,0.97,9724.28,451.73,01/01/2020
30200036,59,2011310400,2011,185,Ochagavía / Otsagabia,14/0872011,0.28,0.28,0.28,2796.52,361.22,01/01/2020
30200036,60,2011310408,2011,189,Olazti / Olazagutía,20/08/2011,0.05,0.05,0.05,512.42,98.45,01/01/2020
30200036,61,2011310410,2011,108,Fustiñana,22/08/2011,0.07,0.07,0.07,727.15,139.14,01/01/2020
30200036,62,2011310410,2011,108,Fustiñana,22/08/2011,0.03,0.03,0.03,346.61,94.84,01/01/2020
30200036,63,2011310411,2011,126,Imotz,22/08/2011,3.39,3.39,3.39,33871.61,775.23,01/01/2020
30200036,64,2011310412,2011,116,Genevilla,22/08/2011,0.96,0.96,0.96,9576.89,397.23,01/01/2020
30200036,65,2011310413,2011,17,Anue,23/08/2011,0.09,0.09,0.09,868.62,123.25,01/01/2020
30200036,66,2011310423,2011,10,Altsasu / Alsasua,31/08/2011,0.01,0.01,0.01,147.36,48.62,01/01/2020
30200036,67,2011310425,2011,160,Luquin,02/09/2011,0.43,0.43,0.43,4275.33,308.25,01/01/2020
30200036,68,2011310444,2011,150,Leoz / Leotz,15/09/2011,8.96,8.96,8.96,89631.43,1253.22,01/01/2020
30200036,69,2011310446,2011,169,Milagro,17/09/2011,0.72,0.72,0.72,7239.98,442.33,01/01/2020
30200036,70,2011310462,2011,8,Aguilar de Codés,01/09/2011,0.27,0.27,0.27,2720.59,207.41,01/01/2020
30200036,71,2011310333,2011,249,Valtierra,29/06/2011,51.75,51.75,51.75,517475.66,4519.81,01/01/2020
30200036,72,2011310342,2011,262,Zabalza / Zabaltza,06/07/2011,237.76,237.76,237.76,2377550.92,7954.3,01/01/2020
30200036,73,2011310176,2011,149,Leitza,22/03/2011,6.47,6.47,6.47,64706.19,1090.35,01/01/2020
30200036,74,2011310177,2011,241,Urraúl Alto,,0.02,0.02,0.02,214.85,58.91,01/01/2020
30200036,75,2011310192,2011,690,Bardenas Reales,,0.02,0.02,0.02,195.48,57.26,01/01/2020
30200036,76,0,2011,29,Los Arcos,06/10/2011,0.84,0.84,0.84,8420.91,405.55,01/01/2020
30200036,77,0,2011,29,Los Arcos,06/10/2011,0.21,0.21,0.21,2092.2,345.37,01/01/2020
30200036,78,0,2011,66,Cárcar,06/10/2011,9.26,9.26,9.26,92621.36,1611.37,01/01/2020
30200036,79,0,2011,165,Mendavia,,0.12,0.12,0.12,1191.08,178.03,01/01/2020
30200036,80,0,2011,79,Desojo,10/10/2011,5.52,5.52,5.52,55187.89,1551.08,01/01/2020
30200036,81,0,2011,50,Baztan,24/10/2011,9.71,9.71,9.71,97097.94,2047.43,01/01/2020
30200036,82,0,2011,236,Ultzama,03/10/2011,0.22,0.22,0.22,2167.67,216.85,01/01/2020
30200036,83,0,2011,195,Orbaizeta,23/09/2011,2.71,2.71,2.71,27126.41,1320.98,01/01/2020
30200036,84,0,2011,195,Orbaizeta,23/09/2011,10.19,10.19,10.19,101865.19,1438.28,01/01/2020
30200036,85,0,2011,157,Lodosa,24/10/2011,5.63,5.63,5.63,56300.56,2356.23,01/01/2020
30200036,86,0,2011,17,Anue,20/10/2011,0.2,0.2,0.2,2018.52,181.52,01/01/2020
30200036,87,0,2011,157,Lodosa,30/10/2011,3.56,3.56,3.56,35619.58,1405.46,01/01/2020
30200036,88,0,2011,241,Urraúl Alto,23/10/2011,11.39,11.39,11.39,113906.24,3117.5,01/01/2020
30200036,89,0,2011,251,Viana,18/10/2011,1.92,1.92,1.92,19162.15,718.5,01/01/2020
30200036,90,2004310132,2004,235,Ujué / Uxue,02/08/2004,55,55,85.91,859097.71,4694.67,01/01/2020
30200036,91,2004310208,2004,103,Ezprogui,24/09/2004,13,13,14.43,144336.94,2238.13,01/01/2020
30200036,92,2004310168,2004,230,Torralba del Río,24/08/2004,19,19,15.99,159935.2,2809.96,01/01/2020
30200036,93,2004310079,2004,110,Gallipienzo / Galipentzu,25/06/2004,16,16,50.99,509932.94,3480.65,01/01/2020
30200036,94,2004310141,2004,7,Adiós,12/08/2004,3,3,6.63,66278.54,1439.03,01/01/2020
30200036,95,2004310000,2004,117,Goizueta,04/04/2004,11.02,11.02,13.51,135127.81,1846.86,01/01/2020
30200036,96,2004310000,2004,117,Goizueta,04/04/2004,5,5,7.09,70899.9,1757.57,01/01/2020
30200036,97,2003310015,2003,121,Guirguillano,28/01/2003,10.35,10.35,10.25,102533.7,1398.8,01/01/2020
30200036,98,2003310082,2003,187,Oiz,27/03/2003,3,3,3.46,34574.65,957.53,01/01/2020
30200036,99,2003310102,2003,117,Goizueta,23/05/2003,2,2,2.91,29144.27,898.97,01/01/2020
30200036,100,2003310000,2003,902,Berrioplano / Berriobeiti,21/06/2003,3.7,3.7,22.07,220677.9,3369.04,01/01/2020
30200036,101,2003310143,2003,86,Valle de Egüés / Eguesibar,15/07/2003,20,20,836.47,8364703.3,20873.05,01/01/2020
30200036,102,2002310100,2002,235,Ujué / Uxue,07/07/2002,81,81,424.31,4243007.71,11543.56,01/01/2020
30200036,103,2002310000,2002,155,Liédena,02/02/2002,4.08,4.08,3.48,34781.04,1322.4,01/01/2020
30200036,104,2002310000,2002,82,Etxalar,13/03/2002,36.17,36.17,40.01,400062.41,3424.47,01/01/2020
30200036,105,2002310000,2002,141,Lapoblación,28/09/2002,1.3,1.3,0.52,5166.42,779.72,01/01/2020
30200036,106,2007310223,2007,65,Caparroso,15/07/2007,10,10,32.94,329388.2,3266.11,01/01/2020
30200036,107,2007310255,2007,207,Pueyo / Puiu,25/07/2007,2.3,2.3,2.82,28172.97,1340.08,01/01/2020
30200036,109,2007310070,2007,20,Araitz,17/02/2007,87.41,87.41,106.07,1060724.1,5913.28,01/01/2020
30200036,110,2007310423,2007,108,Fustiñana,07/11/2007,0.42,0.42,0.37,3720.43,321.87,01/01/2020
30200036,111,2006310189,2006,250,Bera,14/04/2006,48.1,48.1,51.3,513023.83,4194.78,01/01/2020
30200036,112,2006310340,2006,159,Lumbier,11/08/2006,8,8,10.35,103520.42,1925.09,01/01/2020
30200036,113,2006310425,2006,54,Bertizarana,16/11/2006,2,2,2.52,25212.35,672.03,01/01/2020
30200036,114,2006310261,2006,135,Javier,17/06/2006,240,240,394.52,3945227.5,14151.49,01/01/2020
30200036,115,2006310161,2006,236,Ultzama,04/04/2006,8,8,7.95,79463.78,1747.02,01/01/2020
30200036,116,2005310599,2005,110,Gallipienzo / Galipentzu,16/08/2005,242,242,261.77,2617668.4,7855.99,01/01/2020
30200036,117,2005310594,2005,101,Ezcabarte,11/08/2005,1,1,3.2,32028.36,736.13,01/01/2020
30200036,118,2006310156,2006,92,Erro,04/04/2006,6,6,13.74,137372.28,2793.25,01/01/2020
30200036,119,2006310156,2006,92,Erro,04/04/2006,6,6,18.88,188792.33,2822.44,01/01/2020
30200036,120,2005310698,2005,136,Juslapeña / Txulapain,05/08/2005,132,132,174.14,1741442.38,7879.88,01/01/2020
30200036,121,2005310621,2005,121,Guirguillano,05/09/2005,268.3,268.3,257.59,2575928.87,9496.11,01/01/2020
30200036,122,2005310655,2005,146,Leache / Leatxe,26/09/2005,0.43,0.43,1.53,15314.28,588.46,01/01/2020
30200036,123,2005310559,2005,54,Bertizarana,30/07/2005,12,12,11.77,117677.39,2426.84,01/01/2020
30200036,124,2005310157,2005,236,Ultzama,15/03/2005,1.2,1.2,0.75,7512.15,420.52,01/01/2020
30200036,125,2005310177,2005,87,Elgorriaga,17/03/2005,20,20,23.06,230586.02,2660.47,01/01/2020
30200036,127,2005310237,2005,263,Zubieta,20/03/2005,3,3,1.6,15997.38,526.11,01/01/2020
30200036,128,2005310286,2005,54,Bertizarana,22/03/2005,1.2,1.2,1.22,12214.26,430.44,01/01/2020
30200036,129,2005310353,2005,259,Igantzi,02/04/2005,15,15,8.57,85712.21,1275.65,01/01/2020
30200036,130,2005310393,2005,221,Doneztebe / Santesteban,30/04/2005,3.15,3.15,6.45,64473.17,1089.72,01/01/2020
30200036,131,2005310416,2005,54,Bertizarana,04/05/2005,0.4,0.4,1.12,11219.46,416.19,01/01/2020
30200036,132,2005310513,2005,226,Sunbilla,30/06/2005,0.8,0.8,0.09,897.21,154.79,01/01/2020
30200036,133,2005310542,2005,72,Cintruénigo,22/07/2005,3,3,4.47,44661.86,1439.93,01/01/2020
30200036,134,2005310547,2005,157,Lodosa,24/07/2005,1.04,1.04,0.31,3110.24,303.53,01/01/2020
30200036,135,2008310191,2008,50,Baztan,23/02/2008,80,80,56,560056.41,6166.41,01/01/2020
30200036,136,2008310191,2008,50,Baztan,23/02/2008,80,80,2.74,27421.71,887.33,01/01/2020
30200036,138,2008310456,2008,155,Liédena,23/07/2008,1,1,5.51,55070.12,1271.23,01/01/2020
30200036,139,2008310163,2008,54,Bertizarana,17/02/2008,28,28,19.37,193707.7,2888.19,01/01/2020
30200036,140,2008310143,2008,50,Baztan,17/02/2008,17,17,15.35,153541.78,3316.11,01/01/2020
30200036,143,2008310116,2008,50,Baztan,14/02/2008,62,62,66.94,669445.88,7307.08,01/01/2020
30200036,149,2008310164,2008,50,Baztan,18/02/2008,80,80,69.79,697860.28,6098.97,01/01/2020
30200036,150,2008310112,2008,49,Basaburua,14/02/2008,3,3,3.63,36303.37,1386.61,01/01/2020
30200036,152,2008310135,2008,49,Basaburua,16/02/2008,57.6,57.6,59.15,591479.96,4022.48,01/01/2020
30200036,153,2008310110,2008,50,Baztan,11/02/2008,6.1,6.1,6.26,62611.72,1261.74,01/01/2020
30200036,154,2008310111,2008,50,Baztan,12/02/2008,7,7,2.97,29679.28,737.44,01/01/2020
30200036,155,2008310079,2008,50,Baztan,09/02/2008,22,22,20.24,202354.4,4093.38,01/01/2020
30200036,160,2008310121,2008,140,Lantz,14/02/2008,11.2,11.2,13.27,132714.44,3003.16,01/01/2020
30200036,164,2008310090,2008,50,Baztan,10/02/2008,5.5,5.5,5.95,59498.94,1074.8,01/01/2020
30200036,165,2008310153,2008,50,Baztan,17/02/2008,50,50,12.46,124562.17,2365.25,01/01/2020
30200036,167,2008310161,2008,50,Baztan,17/02/2008,6,6,6.72,67250.75,1903.11,01/01/2020
30200036,169,2008310120,2008,235,Ujué / Uxue,14/02/2008,4,4,3.75,37524.97,1194.61,01/01/2020
30200036,170,2008310114,2008,50,Baztan,13/02/2008,8,8,7.93,79324.44,2248.29,01/01/2020
30200036,173,2008310132,2008,260,Valle de Yerri / Deierri,15/02/2008,4,4,2.05,20511.26,737.78,01/01/2020
30200036,174,2008310156,2008,44,Bakaiku,17/02/2008,1,1,6.26,62587.38,1455.32,01/01/2020
30200036,175,2008310166,2008,50,Baztan,17/02/2008,7,7,7.22,72205.81,2130.61,01/01/2020
30200036,178,2008310187,2008,54,Bertizarana,22/02/2008,16,16,12.35,123509.14,2587.18,01/01/2020
30200036,179,2008310188,2008,50,Baztan,22/02/2008,12,12,16.89,168854.51,2965.15,01/01/2020
30200036,182,2008310190,2008,50,Baztan,23/02/2008,29,29,28.68,286818.61,2387.81,01/01/2020
30200036,183,2008310212,2008,50,Baztan,24/02/2008,2,2,1.06,10581.16,950.76,01/01/2020
30200036,184,2008310375,2008,50,Baztan,13/04/2008,8,8,7.22,72151.44,1462.85,01/01/2020
30200036,185,2008310596,2008,250,Bera,31/12/2008,1.1,1.1,9.03,90300.74,1538.97,01/01/2020
30200036,186,2008310109,2008,50,Baztan,13/02/2008,60,60,68.83,688326.64,4287.66,01/01/2020
30200036,187,2008310126,2008,50,Baztan,14/02/2008,20,20,66.8,668031.2,3710.75,01/01/2020
30200036,188,2009310541,2009,237,Unciti,23/07/2009,626,626,873.31,8733022.95,19401.75,01/01/2020
30200036,189,2009310063,2009,129,Ituren,28/02/2009,36.8,36.8,35.74,357354.43,5160.72,01/01/2020
30200036,190,2009310073,2009,50,Baztan,27/02/2009,1,1,1.18,11778.8,513.46,01/01/2020
30200036,191,2009310119,2009,50,Baztan,16/03/2009,6,6,8.27,82696.76,2058.84,01/01/2020
30200036,195,2009310141,2009,50,Baztan,18/03/2009,2,2,2.47,24659.14,612.14,01/01/2020
30200036,196,2009310577,2009,140,Lantz,20/02/2009,7.9,7.9,8.46,84612.55,1198.05,01/01/2020
30200036,197,2009310143,2009,50,Baztan,18/03/2009,3,3,4.15,41487.68,789.88,01/01/2020
30200036,198,2009310151,2009,84,Etxarri Aranatz,20/03/2009,51.37,51.37,2.18,21824.31,659.87,01/01/2020
30200036,199,2009310151,2009,91,Ergoiena,20/03/2009,51.37,51.37,53.92,539160.29,5038.2,01/01/2020
30200036,202,2009310163,2009,50,Baztan,19/03/2009,11,11,10.75,107455.52,2271.64,01/01/2020
30200036,203,2009310178,2009,50,Baztan,20/03/2009,16,16,26.27,262711.94,4307.28,01/01/2020
30200036,207,2009310179,2009,50,Baztan,20/03/2009,13,13,18.33,183298.13,3201.34,01/01/2020
30200036,208,2009310192,2009,81,Donamaria,21/03/2009,7,7,9.75,97455.89,1710.47,01/01/2020
30200036,209,2009310194,2009,50,Baztan,21/03/2009,25,25,26.6,266045.49,2791.3,01/01/2020
30200036,210,2009310196,2009,50,Baztan,21/03/2009,3,3,2.47,24694.75,1088.89,01/01/2020
30200036,213,2009310213,2009,50,Baztan,20/03/2009,100,100,120.24,1202396.92,6098.67,01/01/2020
30200036,214,2009310250,2009,50,Baztan,27/03/2009,1,1,2.49,24948.68,1026.54,01/01/2020
30200036,215,2009310264,2009,50,Baztan,14/03/2009,6,6,8.43,84285.15,2386.66,01/01/2020
30200036,219,2009310265,2009,50,Baztan,14/03/2009,8,8,6.32,63171.11,1135.96,01/01/2020
30200036,220,2009310266,2009,50,Baztan,15/03/2009,17,17,17.49,174899.58,1826.52,01/01/2020
30200036,221,2009310267,2009,50,Baztan,19/03/2009,3.6,3.6,3.66,36593.78,1048.25,01/01/2020
30200036,222,2009310268,2009,137,Beintza-Labaien,22/03/2009,4,4,4.92,49224.73,831.8,01/01/2020
30200036,223,2009310000,2009,50,Baztan,21/03/2009,0,0,46.84,468365.41,4948.32,01/01/2020
30200036,224,2009310000,2009,50,Baztan,22/03/2009,0,0,0.72,7190.03,408.03,01/01/2020
30200036,225,2009310000,2009,50,Baztan,21/03/2009,0,0,0.46,4563.24,313.44,01/01/2020
30200036,226,2009310318,2009,137,Beintza-Labaien,02/04/2009,0.6,0.6,0.46,4552.37,280.18,01/01/2020
30200036,227,2009310319,2009,81,Donamaria,30/04/2009,1,1,2.17,21704.25,552.02,01/01/2020
30200036,228,2009310358,2009,905,Beriáin,28/05/2009,1.5,1.5,1.53,15319.58,550.43,01/01/2020
30200036,229,2009310391,2009,65,Caparroso,22/06/2009,7.5,7.5,9.61,96135.06,2120.9,01/01/2020
30200036,230,2009310399,2009,50,Baztan,29/06/2009,1.6,1.6,1.53,15276.19,546.78,01/01/2020
30200036,231,2009310403,2009,79,Desojo,30/06/2009,2.19,2.19,10.93,109301.79,1608.24,01/01/2020
30200036,232,2009310000,2009,50,Baztan,21/03/2009,0,0,18.06,180565.26,2715.58,01/01/2020
30200036,233,2009310000,2009,50,Baztan,21/03/2009,0,0,1.69,16941.71,823.91,01/01/2020
30200036,234,2009310542,2009,136,Juslapeña / Txulapain,23/07/2009,142.02,142.02,344.15,3441457.37,14276.62,01/01/2020
30200036,235,2009310426,2009,136,Juslapeña / Txulapain,16/07/2009,4.5,4.5,6.07,60661.85,1424.04,01/01/2020
30200036,236,2009310458,2009,71,Castillonuevo,07/07/2009,0.01,0.01,0.12,1230.06,270.36,01/01/2020
30200036,238,2009310455,2009,237,Unciti,22/07/2009,1.5,1.5,1.47,14731.12,803.26,01/01/2020
30200036,239,2009310423,2009,150,Leoz / Leotz,17/07/2009,28.8,28.8,34.72,347229.47,4530.92,01/01/2020
30200036,240,2009310410,2009,50,Baztan,03/07/2009,2.84,2.84,3.16,31629.78,899.78,01/01/2020
30200036,241,2009310465,2009,18,Añorbe,04/08/2009,4.06,4.06,13.86,138564.88,1633.59,01/01/2020
30200036,242,2009310506,2009,163,Marcilla,22/08/2009,0.22,0.22,0.29,2925.1,216.9,01/01/2020
30200036,243,2009310518,2009,227,Tafalla,24/08/2009,0.8,0.8,0.92,9186.81,364.8,01/01/2020
30200036,244,2009310531,2009,258,Villava / Atarrabia,30/08/2009,1.5,1.5,1.8,17956.33,744.19,01/01/2020
30200036,245,2009310538,2009,241,Urraúl Alto,31/08/2009,6.5,6.5,6.55,65515.25,1437.09,01/01/2020
30200036,246,2009310553,2009,194,Valle de Ollo / Ollaran,08/09/2009,0.43,0.43,0.47,4679.52,462.47,01/01/2020
30200036,247,2009310566,2009,50,Baztan,12/09/2009,7.5,7.5,5.33,53326.81,951.36,01/01/2020
30200036,248,2009310567,2009,50,Baztan,12/09/2009,1.9,1.9,1.72,17186.13,691.81,01/01/2020
30200036,249,2009310570,2009,97,Estella-Lizarra,13/09/2009,0.3,0.3,0.25,2481.61,224.01,01/01/2020
30200036,250,2009310593,2009,207,Pueyo / Puiu,29/09/2009,0.68,0.68,0.63,6346.1,625.19,01/01/2020
30200036,252,2009310629,2009,77,Corella,16/10/2009,1,1,4.78,47847.79,1716.61,01/01/2020
30200036,253,2009310637,2009,152,Lerín,19/10/2009,3,3,3.37,33748.03,743.9,01/01/2020
30200036,254,2009310646,2009,50,Baztan,14/11/2009,4,4,4.17,41718.86,792.5,01/01/2020
30200036,255,2009310657,2009,226,Sunbilla,25/11/2009,5.5,5.5,4.19,41890.33,1356.01,01/01/2020
30200036,257,2009310075,2009,50,Baztan,28/02/2009,28.5,28.5,6,60028.01,1203.66,01/01/2020
30200036,258,2009310058,2009,50,Baztan,28/02/2009,23,23,20.91,209080.7,1919.92,01/01/2020
30200036,259,2009310104,2009,195,Orbaizeta,15/03/2009,0.1,0.1,0.45,4485.86,335.97,01/01/2020
30200036,260,2009310115,2009,195,Orbaizeta,15/03/2009,4,4,4.09,40854.17,1306.68,01/01/2020
30200036,262,2009310158,2009,195,Orbaizeta,19/03/2009,5,5,2.73,27264.77,726.06,01/01/2020
30200036,263,2009310242,2009,112,Garaioa,27/03/2009,1.5,1.5,0.56,5597.98,295.26,01/01/2020
30200036,264,2009310237,2009,112,Garaioa,26/03/2009,2,2,3.11,31135.01,861.86,01/01/2020
30200036,265,2009310097,2009,112,Garaioa,13/03/2009,2.2,2.2,2.58,25808.92,679.53,01/01/2020
30200036,266,2009310157,2009,112,Garaioa,19/03/2009,7,7,3.11,31054.15,716.05,01/01/2020
30200036,267,2009310000,2009,112,Garaioa,13/03/2009,0,0,1.23,12293.52,505.93,01/01/2020
30200036,268,2010310008,2010,164,Mélida,28/01/2010,5,5,9.54,95443.39,4111.77,01/01/2020
30200036,269,2010310009,2010,78,Cortes,31/01/2010,0.06,0.06,0.16,1566.7,185.89,01/01/2020
30200036,270,2010310021,2010,50,Baztan,28/02/2010,10,10,8.94,89448.32,1725.82,01/01/2020
30200036,271,2010310028,2010,50,Baztan,26/02/2010,8.3,8.3,10.6,106006.99,2505.56,01/01/2020
30200036,272,2010310068,2010,30,Arellano,14/03/2010,0.64,0.64,0.64,6367.95,372.83,01/01/2020
30200036,273,2010310079,2010,248,Luzaide / Valcarlos,16/03/2010,5,5,5.64,56393.14,991.53,01/01/2020
30200036,274,2010310080,2010,120,Guesálaz / Gesalatz,16/03/2010,0.9,0.9,0.91,9081.22,397.21,01/01/2020
30200036,275,2010310094,2010,50,Baztan,17/03/2010,5,5,4.15,41493.38,1019.84,01/01/2020
30200036,276,2010310095,2010,244,Urroz,17/03/2010,22,22,30.21,302120.11,2422.26,01/01/2020
30200036,277,2010310128,2010,129,Ituren,27/03/2010,14,14,14.57,145734.52,2329.85,01/01/2020
30200036,278,2010310130,2010,50,Baztan,26/03/2010,1,1,0.46,4611,277.86,01/01/2020
30200036,279,2010310136,2010,263,Zubieta,28/03/2010,5,5,5.57,55734.09,956.76,01/01/2020
30200036,280,2010310137,2010,50,Baztan,28/03/2010,2,2,3.24,32379.5,775.86,01/01/2020
30200036,281,2010310163,2010,153,Lesaka,11/04/2010,1.5,1.5,1.83,18324.01,597.82,01/01/2020
30200036,282,2010310165,2010,115,Garralda,11/04/2010,12,12,11.14,111369.42,2004.05,01/01/2020
30200036,283,2010310167,2010,50,Baztan,11/04/2010,3.5,3.5,3.82,38195.83,903.79,01/01/2020
30200036,284,2010310173,2010,165,Mendavia,14/04/2010,6.02,6.02,6.04,60381.5,2145.44,01/01/2020
30200036,285,2010310175,2010,50,Baztan,13/04/2010,7.5,7.5,7.42,74228.08,1987.34,01/01/2020
30200036,287,2010310193,2010,50,Baztan,21/04/2010,12,12,12.16,121581.27,1776.83,01/01/2020
30200036,288,2010310198,2010,47,Bargota,24/04/2010,2.1,2.1,1.93,19346.71,688.36,01/01/2020
30200036,289,2010310200,2010,195,Orbaizeta,25/04/2010,11,11,7.1,70949.52,2756.75,01/01/2020
30200036,295,2010310243,2010,22,Arantza,24/05/2010,10.9,10.9,10.6,106000.5,1360.86,01/01/2020
30200036,296,2010310250,2010,251,Viana,26/05/2010,5,5,4.68,46839.97,1037.71,01/01/2020
30200036,297,2010310290,2010,125,Igúzquiza,03/06/2010,0.44,0.44,0.36,3608.89,386.87,01/01/2020
30200036,299,2010310315,2010,61,El Busto,15/06/2010,1.51,1.51,1.87,18681.47,803.24,01/01/2020
30200036,300,2010310325,2010,164,Mélida,23/06/2010,6.25,6.25,29.52,295161.96,3264.59,01/01/2020
30200036,301,2010310349,2010,249,Valtierra,09/07/2010,21,21,68.13,681252.86,7346.24,01/01/2020
30200036,302,2010310351,2010,53,Berbinzana,09/07/2010,0.43,0.43,0.58,5773.22,415.25,01/01/2020
30200036,303,2010310354,2010,209,Romanzado / Erromantzatua,14/07/2010,1,1,10.27,102698.56,2357.91,01/01/2020
30200036,304,2010310358,2010,142,Larraga,13/07/2010,1.75,1.75,6.72,67184.14,1266.95,01/01/2020
30200036,305,2010310417,2010,104,Falces,15/08/2010,255.72,255.72,267.69,2676847.09,14842.21,01/01/2020
30200036,308,2010310467,2010,142,Larraga,17/08/2010,0.4,0.4,4.28,42762.47,914.05,01/01/2020
30200036,309,2010310427,2010,21,Aranarache / Aranaratxe,18/08/2010,0.38,0.38,0.36,3557.91,239.87,01/01/2020
30200036,310,2010310428,2010,90,Eratsun,22/08/2010,0.3,0.3,0.07,730.37,164.98,01/01/2020
30200036,311,2010310431,2010,905,Beriáin,22/08/2010,0.26,0.26,0.25,2452.52,240.82,01/01/2020
30200036,312,2010310436,2010,108,Fustiñana,24/08/2010,0.7,0.7,7.1,70987.16,1587.12,01/01/2020
30200036,313,2010310442,2010,28,Arce / Artzi,26/08/2010,2.5,2.5,3.22,32154.26,691.02,01/01/2020
30200036,314,2010310455,2010,98,Esteribar,31/08/2010,0.55,0.55,2.7,26980.58,645.71,01/01/2020
30200036,315,2010310098,2010,264,Zugarramurdi,18/03/2010,0.1,0.1,1.09,10940.64,582.81,01/01/2020
30200036,316,2010310129,2010,153,Lesaka,26/03/2010,1,1,1.66,16608.5,591.32,01/01/2020
30200036,317,2010310000,2010,22,Arantza,02/03/2010,2.8,2.8,3.34,33378.33,1017,01/01/2020
30200036,318,2010310000,2010,22,Arantza,10/04/2010,5,5,1.35,13513.98,489.68,01/01/2020
30200036,319,2010310000,2010,22,Arantza,10/04/2010,5,5,4.02,40153.5,1419.84,01/01/2020
30200036,320,2010310000,2010,144,Larraun,07/04/2010,2.45,2.45,0.73,7298.65,468.79,01/01/2020
30200036,321,2010310000,2010,144,Larraun,07/04/2010,2.45,2.45,1.49,14900.05,773.55,01/01/2020
30200036,322,2010310000,2010,50,Baztan,07/03/2010,1.2,1.2,1.17,11742.17,549.15,01/01/2020
30200036,323,2010310000,2010,50,Baztan,09/04/2010,9.7,9.7,8.87,88721.33,1371.11,01/01/2020
30200036,324,2010310000,2010,50,Baztan,11/04/2010,8.3,8.3,0.59,5897.96,424.76,01/01/2020
30200036,325,2010310000,2010,50,Baztan,11/04/2010,8.3,8.3,2.96,29584.3,1410.92,01/01/2020
30200036,326,2010310000,2010,50,Baztan,11/04/2010,8.3,8.3,0.77,7735.2,622.07,01/01/2020
30200036,327,2010310000,2010,50,Baztan,11/04/2010,8.3,8.3,2.54,25388.07,919.51,01/01/2020
30200036,328,2010310000,2010,50,Baztan,11/04/2010,8.3,8.3,0.86,8626.85,670.8,01/01/2020
30200036,329,2010310000,2010,92,Erro,06/04/2010,5,5,0.44,4449.76,281.96,01/01/2020
30200036,330,2010310000,2010,92,Erro,06/04/2010,5,5,4.29,42934.77,1100.05,01/01/2020
30200036,331,2010310000,2010,92,Erro,06/04/2010,5,5,2.36,23610.74,863.41,01/01/2020
30200036,332,2010310000,2010,92,Erro,22/04/2010,1,1,4.39,43857.09,1069.52,01/01/2020
30200036,333,2010310000,2010,256,Hiriberri / Villanueva de Aezkoa,19/04/2010,10.5,10.5,7.26,72637.97,1427.67,01/01/2020
30200036,334,2010310000,2010,256,Hiriberri / Villanueva de Aezkoa,19/04/2010,10.5,10.5,3.03,30292.67,1036.54,01/01/2020
30200036,335,2010310000,2010,124,Ibargoiti,13/04/2010,0.4,0.4,0.48,4833.37,424.92,01/01/2020
30200036,336,2010310000,2010,144,Larraun,12/04/2010,0.8,0.8,1.47,14728.61,527.27,01/01/2020
30200036,337,2010310000,2010,149,Leitza,15/04/2010,1.95,1.95,2.05,20541.42,731.82,01/01/2020
30200036,338,2010310000,2010,153,Lesaka,11/04/2010,2.7,2.7,3.04,30425.81,841.63,01/01/2020
30200036,339,2010310000,2010,239,Urdazubi / Urdax,17/03/2010,5,5,3.73,37282.75,851.52,01/01/2020
30200036,340,2010310000,2010,263,Zubieta,10/04/2010,26.9,26.9,26.1,261026.24,4616.48,01/01/2020
30200036,341,2010310000,2010,263,Zubieta,11/04/2010,1.2,1.2,1.48,14796.51,679.27,01/01/2020
30200036,342,2010310488,2010,260,Valle de Yerri / Deierri,14/09/2010,0.38,0.38,0.33,3272.76,270.89,01/01/2020
30200036,343,2001310000,2001,110,Gallipienzo / Galipentzu,29/08/2001,223.13,223.13,238.1,2380964.92,7189.81,01/01/2020
30200036,344,2001310000,2001,261,Yesa,02/08/2001,4.42,4.42,4.57,45664.93,1111.28,01/01/2020
30200036,345,2001310000,2001,109,Galar,10/08/2001,7.3,7.3,15.75,157491.49,2644.49,01/01/2020
30200036,346,2001310000,2001,109,Galar,10/08/2001,7.3,7.3,9.13,91252.57,1509.5,01/01/2020
30200036,347,2000310000,2000,18,Añorbe,06/09/2000,1.06,1.06,1.22,12162.39,584.35,01/01/2020
30200036,348,2000310000,2000,902,Berrioplano / Berriobeiti,Verano2000,95,95,96.31,963096.74,5071.5,01/01/2020
30200036,349,0,0,152,Lerín,No_lo_se,6,6,55.77,557656.98,3784.11,01/01/2020
30200036,350,1999310000,1999,65,Caparroso,24/08/1999,0.06,0.06,1.47,14660.48,670.52,01/01/2020
30200036,351,1999310000,1999,226,Sunbilla,13/01/1999,10,10,40.08,400754.23,3383.32,01/01/2020
30200036,352,1999310000,1999,226,Sunbilla,15/01/1999,3,3,4.85,48497.72,814.84,01/01/2020
30200036,353,1999310000,1999,226,Sunbilla,31/08/1999,0.3,0.3,0.61,6101.49,372.16,01/01/2020
30200036,354,1998310000,1998,23,Aranguren,20/07/1998,24,24,164.53,1645324.04,7640.32,01/01/2020
30200036,355,1997310000,1997,10,Altsasu / Alsasua,13/03/1997,25,25,23.26,232634.67,2027.65,01/01/2020
30200036,356,1997310000,1997,49,Basaburua,06/03/1997,25,25,19.88,198767.74,2030.73,01/01/2020
30200036,357,1997310000,1997,17,Anue,05/04/1997,15,15,17.89,178849.34,2085.32,01/01/2020
30200036,358,1989316047,1989,587,Facería 87,16/12/1989,0,0,404.69,4046704.78,19369.19,01/01/2020
30200036,359,1989316047,1989,226,Sunbilla,16/12/1989,2780,2780,2338.29,23382769.57,40164.16,01/01/2020
30200036,360,1989316047,1989,250,Bera,16/12/1989,0,0,164,1639981.51,6598.8,01/01/2020
30200036,361,1990310033,1990,54,Bertizarana,19/03/0990,5,5,13.44,134399.78,1786.33,01/01/2020
30200036,362,2009310245,2009,54,Bertizarana,27/03/2009,7,7,6.89,68870.6,1258.28,01/01/2020
30200036,363,2009310207,2009,22,Arantza,22/03/2009,5,5,2.14,21370.39,597.95,01/01/2020
30200036,364,2009310128,2009,50,Baztan,17/03/2009,5.7,5.7,1.38,13831.22,521.47,01/01/2020
30200036,365,2009310117,2009,102,Ezkurra,16/03/2009,7.5,7.5,2.44,24368.28,747.9,01/01/2020
30200036,366,2008310379,2008,117,Goizueta,17/04/2008,10,10,6.32,63172.33,1178.16,01/01/2020
30200036,367,2008310249,2008,195,Orbaizeta,02/03/2008,14,14,15.49,154861.14,2036.95,01/01/2020
30200036,368,2008310192,2008,73,Ziordia,24/02/2008,20,20,11.8,118006.2,1637.47,01/01/2020
30200036,369,2008310201,2008,50,Baztan,24/02/2008,20,20,10.35,103500.97,2373.11,01/01/2020
30200036,370,2008310181,2008,50,Baztan,20/02/2008,8.2,8.2,5.15,51486.2,1155.34,01/01/2020
30200036,371,2008310238,2008,50,Baztan,18/02/2008,7.4,7.4,1.04,10437.75,429.04,01/01/2020
30200036,372,2008310173,2008,50,Baztan,18/02/2008,13,13,4.34,43394.11,1157.12,01/01/2020
30200036,373,2008310236,2008,50,Baztan,18/02/2008,5,5,1.24,12420.48,449.99,01/01/2020
30200036,374,2008310151,2008,90,Eratsun,17/02/2008,8.5,8.5,4.84,48431.9,1024.13,01/01/2020
30200036,375,2008310234,2008,50,Baztan,15/02/2008,12.6,12.6,6.89,68876.95,1164.21,01/01/2020
30200036,376,2009310523,2009,145,Lazagurría,27/08/2009,7,22,2.96,29590.48,895.68,01/01/2020
30200036,377,2009310621,2009,173,Monteagudo,15/10/2009,7,8,0.96,9557.55,385.6,01/01/2020
30200036,378,2008310113,2008,50,Baztan,13/02/2008,11,11,4.92,49233.46,1071.2,01/01/2020
30200036,379,2008310231,2008,92,Erro,12/02/2008,6,6,1.9,18955.26,589.84,01/01/2020
30200036,380,2008310095,2008,50,Baztan,11/02/2008,5.5,5.5,0.54,5373.52,309.32,01/01/2020
30200036,381,2008310092,2008,50,Baztan,10/02/2008,8,8,2.99,29869.48,711.18,01/01/2020
30200036,382,2008310080,2008,50,Baztan,09/02/2008,8,8,17.95,179512.31,2397.52,01/01/2020
30200036,383,2007310425,2007,160,Luquin,08/11/2007,10,10,3.67,36692.49,773.76,01/01/2020
30200036,384,2007310041,2007,250,Bera,16/02/2007,5,5,2.56,25642.33,653.29,01/01/2020
30200036,385,2005310515,2005,180,Muruzábal,03/07/2005,7.5,20,21.77,217695.3,2279.61,01/01/2020
30200036,386,2005310697,2005,228,Tiebas-Muruarte de Reta,04/08/2005,30,120,308.69,3086864.21,17479.48,01/01/2020
30200036,387,2005310567,2005,265,Zúñiga,31/07/2005,3.3,3.5,4.29,42943.3,1140.92,01/01/2020
30200036,388,2005310517,2005,124,Ibargoiti,03/07/2005,3.3,23.3,31.01,310106,2808.99,01/01/2020
30200036,389,2005310356,2005,149,Leitza,01/04/2005,15,15,9.32,93186.18,1731.37,01/01/2020
30200036,390,2005310390,2005,117,Goizueta,01/05/2005,11,11,15.52,155213.37,1805.51,01/01/2020
30200036,391,2003310124,2003,209,Romanzado / Erromantzatua,24/06/2003,16,18,11.06,110602.24,1495.16,01/01/2020
30200036,392,2003310104,2003,117,Goizueta,15/03/2003,15,15,17.4,173978.24,1757.28,01/01/2020
30200036,393,2003310248,2003,195,Orbaizeta,27/08/2003,10,10,10.88,108818.13,1602.09,01/01/2020
30200036,394,0,2003,7,Adiós,,0,0,128.55,1285449.4,6270.9,01/01/2020
30200036,395,2002310019,2002,50,Baztan,30/01/2002,100,100,81.75,817493.16,4138.3,01/01/2020
30200036,396,2002310018,2002,50,Baztan,01/02/2002,40,40,15.4,154031.71,2676.31,01/01/2020
30200036,397,2002310134,2002,159,Lumbier,19/08/2002,50.2,50.2,54.31,543134.27,3609.23,01/01/2020
30200036,398,2002310063,2002,197,Orísoain,21/08/2002,9,9,7.68,76762.02,1856.62,01/01/2020
30200036,399,2002310046,2002,175,Mues,22/03/2002,85,85,65.19,651872.67,3914.44,01/01/2020
30200036,400,2002310051,2002,248,Luzaide / Valcarlos,23/03/2002,90,90,44.31,443114.3,4541.97,01/01/2020
30200036,401,2002310042,2002,129,Ituren,03/02/2002,189,189,141.52,1415121.28,6758.9,01/01/2020
30200036,402,2002310027,2002,50,Baztan,03/02/2002,54,54,52.39,523919.6,3433.3,01/01/2020
30200036,403,2002310043,2002,54,Bertizarana,03/02/2002,140,140,63.99,639885.3,5551.37,01/01/2020
30200036,404,2002310016,2002,50,Baztan,03/02/2002,30,30,54.68,546780.76,3035.63,01/01/2020
30200036,405,2002310039,2002,243,Urroz-Villa,27/01/2002,6,6,3.61,36088.82,772.19,01/01/2020
30200036,406,2002310020,2002,50,Baztan,02/02/2002,180,180,184.33,1843338.16,9935.82,01/01/2020
30200036,407,2002310017,2002,50,Baztan,02/02/2002,95,95,96.78,967859.15,7559.87,01/01/2020
30200036,408,2002310015,2002,50,Baztan,03/02/2002,120,120,202.1,2021059.18,9757.09,01/01/2020
30200036,409,2002310030,2002,50,Baztan,03/02/2002,170,170,325.95,3259613.71,20515.07,01/01/2020
30200036,410,0,2002,50,Baztan,,0,0,21.54,215427.29,2771.28,01/01/2020
30200036,411,2002310024,2002,50,Baztan,03/02/2002,127,127,123.68,1236828.46,5239.87,01/01/2020
30200036,412,2002310026,2002,264,Zugarramurdi,02/02/2002,55,55,20.32,203163.09,2128.88,01/01/2020
30200036,413,2002310023,2002,54,Bertizarana,03/02/2002,24,24,36.84,368402.1,2850.01,01/01/2020
30200036,414,2002310044,2002,54,Bertizarana,03/02/2002,12.5,12.5,14.11,141130.36,1497.96,01/01/2020
30200036,415,2002310021,2002,50,Baztan,02/02/2002,16,16,16.54,165446.82,1548.58,01/01/2020
30200036,416,2002310028,2002,50,Baztan,03/02/2002,39,39,29.37,293654.9,3030.82,01/01/2020
30200036,417,2002310014,2002,50,Baztan,30/01/2001,21,21,18.65,186467.99,1741.79,01/01/2020
30200036,418,2002310050,2002,248,Luzaide / Valcarlos,20/03/2002,90,90,39.72,397214.6,4428.05,01/01/2020
30200036,419,2002310049,2002,248,Luzaide / Valcarlos,15/02/2002,120,120,100.99,1009957.65,4387.97,01/01/2020
30200036,421,2002310031,2002,264,Zugarramurdi,03/02/2002,70,70,53.54,535447.02,3597.24,01/01/2020
30200036,422,1989315202,1989,261,Yesa,19/07/1989,171,171,196.51,1965016.24,5760.29,01/01/2020
30200036,423,1989315206,1989,261,Yesa,19/07/1989,132,132,102.66,1026603.19,4716.6,01/01/2020
30200036,424,1989314570,1989,206,Puente la Reina / Gares,25/06/1989,438,438,370.38,3703815.06,12688.07,01/01/2020
30200036,425,1987316748,1987,265,Zúñiga,13/08/1987,48,48,103.47,1034748.73,5010.78,01/01/2020
30200036,426,1987316749,1987,11,Allín / Allin,14/08/1987,6,6,9.06,90551.25,1902.4,01/01/2020
30200036,427,1990310063,1990,11,Allín / Allin,04/07/1990,5.1,5.1,2.92,29164.63,655.49,01/01/2020
30200036,428,1990310064,1990,241,Urraúl Alto,13/07/1990,8,8,8.68,86841.88,1200.36,01/01/2020
30200036,429,1990310066,1990,238,Unzué / Untzue,14/07/1990,100,100,15.87,158684.55,2590.25,01/01/2020
30200036,430,1990310085,1990,237,Unciti,06/08/1990,131,131,115.83,1158263.55,5402.53,01/01/2020
30200036,431,1990310086,1990,235,Ujué / Uxue,07/08/1990,23,23,4.52,45224.98,1012.65,01/01/2020
30200036,432,1990310093,1990,246,Uterga,13/08/1990,61.2,61.2,55.88,558763.08,3283.11,01/01/2020
30200036,433,1990310073,1990,219,Sansol,19/07/1990,10,10,4.01,40137.46,1103.35,01/01/2020
30200036,434,1991310108,1991,5,Aberin,19/07/1991,96,96,69.49,694858.24,4996.65,01/01/2020
30200036,435,1991310127,1991,166,Mendaza,11/08/1991,30,30,19.64,196415.29,2497.47,01/01/2020
30200036,436,1991310129,1991,167,Mendigorria,12/08/1991,13,18,9.12,91168.18,1508.57,01/01/2020
30200036,437,1991310151,1991,86,Valle de Egüés / Eguesibar,29/08/1991,90.1,108.6,117.76,1177618.26,7789.56,01/01/2020
30200036,438,1991310157,1991,23,Aranguren,30/08/1991,77.5,77.5,62.88,628837.82,5641.06,01/01/2020
30200036,439,1991310109,1991,207,Pueyo / Puiu,18/07/1991,15.5,25.5,8.37,83734.78,1332.82,01/01/2020
30200036,440,1992310039,1992,255,Villamayor de Monjardín,29/02/1992,12,12,8.18,81844.41,1458.38,01/01/2020
30200036,441,1992310049,1992,235,Ujué / Uxue,06/03/1992,8,8,14.03,140302.97,2304.73,01/01/2020
30200036,442,1992310079,1992,69,Cáseda,20/07/1992,50,50,62.66,626598.51,4390.68,01/01/2020
30200036,443,1993310119,1993,110,Gallipienzo / Galipentzu,20/07/1993,40,50,32.42,324147.72,4497.86,01/01/2020
30200036,444,1993310125,1993,5,Aberin,29/07/1993,40,170,126.13,1261266.45,7224.02,01/01/2020
30200036,445,1993310130,1993,45,Barásoain,06/08/1993,67,283,189.06,1890568.51,8603.39,01/01/2020
30200036,446,1993310134,1993,217,San Martín de Unx,06/08/1993,10,10,6.6,66000.5,1343.52,01/01/2020
30200036,447,1993310139,1993,207,Pueyo / Puiu,19/08/1993,9,18,11.69,116936.67,1695.82,01/01/2020
30200036,448,1994310159,1994,207,Pueyo / Puiu,23/08/1994,29,104,38.23,382279.17,4469.54,01/01/2020
30200036,449,1994310119,1994,203,Petilla de Aragón,15/07/1994,1665,1665,1561.73,15617277.31,43275.01,01/01/2020
30200036,450,0,1990,56,Biurrun-Olcoz,,0,0,28.56,285590.05,2988.37,01/01/2020
30200036,451,0,1990,235,Ujué / Uxue,,0,0,45.16,451633.81,4097.75,01/01/2020
30200036,0,2012310584,2012,26,Aras,24/08/2012,620.49,962.37,780.44,7804394.94,66320.28,01/01/2020
30200036,0,2012310117,2012,30,Arellano,25/02/2012,0,5.21,3.89,38943.39,9438.19,01/01/2020
30200036,0,2012310281,2012,50,Baztan,17/03/2012,2.2,2.2,2.17,21746.35,1202.63,01/01/2020
30200036,0,2012310282,2012,50,Baztan,17/03/2012,3.2,3.2,3.24,32434.49,951.87,01/01/2020
30200036,0,2012310453,2012,105,Fitero,29/05/2012,13.4,13.4,13.41,134101.45,2948.42,01/01/2020
30200036,0,2012310528,2012,585,Facería 85,20/07/2012,5,42,52.18,521799.68,3283.8,01/01/2020
30200036,0,2012310533,2012,29,Los Arcos,21/07/2012,9,10.75,10.75,107474.28,1763.71,01/01/2020
30200036,0,2012310098,2012,42,Azagra,23/02/2012,8,8,7.56,75584.38,2054.91,01/01/2020
30200036,0,2012310543,2012,124,Ibargoiti,26/07/2012,1,4,4.42,44184.04,956.78,01/01/2020
30200036,0,2012310570,2012,101,Ezcabarte,17/08/2012,14.39,14.4,14.4,143998.81,1907.03,01/01/2020
30200036,0,2012310589,2012,101,Ezcabarte,24/08/2012,14,14,10.55,105510.77,1671.13,01/01/2020
30200036,0,2012310541,2012,235,Ujué / Uxue,26/07/2012,204.71,237.27,237.26,2372646.18,5976.95,01/01/2020
30200036,0,2012310490,2012,249,Valtierra,27/07/2012,2.3,4.7,4.69,46881.21,1966.8,01/01/2020
30200036,0,2012310474,2012,251,Viana,17/06/2012,3.11,3.11,3.11,31126.41,915.06,01/01/2020
30200036,0,2013310113,2013,56,Biurrun-Olcoz,13/07/2013,1.2,5,5.21,52078.54,1072.25,01/01/2020
30200036,0,2013310154,2013,173,Monteagudo,15/08/2013,1.3,10,9.97,99735.08,2416.01,01/01/2020
30200036,0,2013310134,2013,232,Tudela,01/08/2013,2.5,63,63.07,630731.54,5306.76,01/01/2020
30200036,0,2013310137,2013,158,Lónguida / Longida,02/08/2013,8.3,44.8,47.15,471484.03,2806.35,01/01/2020
30200036,0,2014310290,2014,235,Ujué / Uxue,20/07/2014,493,770,769.75,7697502.65,21501.72,01/01/2020
30200036,0,2014310285,2014,164,Mélida,02/07/2014,4.4,12.9,11.66,116647.64,2036.4,01/01/2020
30200036,0,2014310226,2014,232,Tudela,10/05/2014,8,8,8.48,84846.22,2505.23,01/01/2020
30200036,0,2014310289,2014,47,Bargota,13/07/2014,3.15,7.8,7.9,78999.66,1438.75,01/01/2020
30200036,0,2014310241,2014,232,Tudela,16/05/2014,1,6.8,7.55,75511.49,1248.74,01/01/2020
30200036,0,2014310278,2014,105,Fitero,17/06/2014,4.5,4.5,7.21,72057.94,1496.59,01/01/2020
30200036,0,2014310249,2014,165,Mendavia,18/05/2014,8.5,8.5,8.46,84559.14,1419.94,01/01/2020
30200036,0,2015310064,2015,195,Orbaizeta,02/04/2015,8.2,8.2,8.27,82684.11,1770.39,01/01/2020
30200036,0,2015310079,2015,50,Baztan,10/04/2015,21,21,21.46,214633.88,3411,01/01/2020
30200036,0,2015310080,2015,50,Baztan,10/04/2015,66,66,105.25,1052545.48,4643.1,01/01/2020
30200036,0,2015310122,2015,251,Viana,12/05/2015,6.59,6.6,7.22,72196.91,1480.5,01/01/2020
30200036,0,2015310004,2015,54,Bertizarana,13/01/2015,7.6,7.6,8.61,86105.69,1439.33,01/01/2020
30200036,0,2015310050,2015,690,Bardenas Reales,14/03/2015,1.69,1.69,1.88,18818.99,1097.63,01/01/2020
30200036,0,2015310005,2015,181,Navascués / Nabaskoze,14/01/2015,3.4,3.4,3.41,34051.65,1219.37,01/01/2020
30200036,0,2015310096,2015,82,Etxalar,15/04/2015,34.1,34.1,41.95,419539.88,4821.28,01/01/2020
30200036,0,2015310213,2015,8,Aguilar de Codés,16/07/2015,0.7,0.7,0.69,6920.51,364.13,01/01/2020
30200036,0,2015310270,2015,117,Goizueta,17/12/2015,66,66,66.19,661902.08,3942.92,01/01/2020
30200036,0,2015310274,2015,259,Igantzi,20/12/2015,263.1,263.1,263.16,2631580.35,10988.58,01/01/2020
30200036,0,2015310281,2015,22,Arantza,26/12/2015,109,109,109.1,1090979.6,5079.32,01/01/2020
30200036,0,2015310286,2015,117,Goizueta,28/12/2015,43.8,43.8,43.89,438945.11,5072.14,01/01/2020
30200036,0,2015310284,2015,50,Baztan,27/12/2015,42,42,42.77,427748.16,4745.83,01/01/2020
30200036,0,2016310160,2016,690,Bardenas Reales,09/10/2016,2,18.4,18.38,183795.93,2303.42,01/01/2020
30200036,0,2016310104,2016,193,Cendea de Olza / Oltza Zendea,10/08/2016,14,268,269.03,2690305.72,14267.6,01/01/2020
30200036,0,2016310000,2016,131,Iza / Itza,20/07/2016,0,21.7,21.7,217031.85,2004.48,01/01/2020
30200036,0,2016310000,2016,137,Beintza-Labaien,20/12/2016,6.1,6.1,7.03,70326.16,1057.06,01/01/2020
30200036,0,2016310000,2016,244,Urroz,20/12/2016,20.2,20.2,10.95,109498.39,1358.93,01/01/2020
30200036,0,2016310078,2016,12,Allo,22/06/2016,4.63,31.14,33.53,335336.33,2327.18,01/01/2020
30200036,0,2016310079,2016,209,Romanzado / Erromantzatua,22/06/2016,0.65,15.65,15.56,155579.45,2907.71,01/01/2020
30200036,0,2016310116,2016,227,Tafalla,30/08/2016,1455,3538,3539.51,35395119.89,36922.14,01/01/2020
30200036,0,2016310174,2016,50,Baztan,30/10/2016,20,20,20.01,200070.51,2664.23,01/01/2020
30200036,0,2017310092,2017,129,Ituren,02/03/2017,5,5,4.96,49590.71,1632.64,01/01/2020
30200036,0,2017310154,2017,50,Baztan,29/03/2017,23.8,23.8,23.88,238761.42,6390.06,01/01/2020
30200036,0,2012310137,2012,54,Bertizarana,28/02/2012,3.8,3.8,3.82,38225.63,866.36,01/01/2020
30200036,0,2012310236,2012,50,Baztan,13/03/2012,6.14,6.14,6.19,61928.84,1117.39,01/01/2020
30200036,0,2017310106,2017,213,Saldias,03/03/2017,4,4,3.92,39181.52,794.52,01/01/2020
30200036,0,2017310003,2017,128,Isaba / Izaba,04/01/2017,43.48,43.48,59.28,592770.51,4074.08,01/01/2020
30200036,0,2017310015,2017,128,Isaba / Izaba,09/01/2017,56.43,56.43,66.86,668579.83,5473.13,01/01/2020
30200036,0,2017310313,2017,50,Baztan,04/11/2017,4,4,3.39,33907.53,920,01/01/2020
30200036,0,2017310012,2017,50,Baztan,06/01/2017,3.7,3.7,2.75,27493.52,1085.98,01/01/2020
30200036,0,2017310013,2017,50,Baztan,06/01/2017,6,6,6.4,64022.53,1207.78,01/01/2020
30200036,0,2017310170,2017,690,Bardenas Reales,06/04/2017,2.97,2.97,3.3,32990.9,3008.82,01/01/2020
30200036,0,2017310257,2017,9,Aibar / Oibar,07/07/2017,4.5,4.5,4.46,44615.7,1002.79,01/01/2020
30200036,0,2017310021,2017,134,Jaurrieta,09/01/2017,68.7,68.7,65.56,655648.92,7122.84,01/01/2020
30200036,0,2017310276,2017,36,Arróniz,15/08/2017,4.9,4.9,4.76,47631.78,1132.59,01/01/2020
30200036,0,2017310058,2017,54,Bertizarana,16/02/2017,10,10,9.96,99592.95,1373.98,01/01/2020
30200036,0,2017310059,2017,129,Ituren,18/02/2017,7,7,7.25,72546.63,1461.22,01/01/2020
30200036,0,2017310063,2017,129,Ituren,20/02/2017,13,13,13.01,130073.1,2329.61,01/01/2020
30200036,0,2017310066,2017,137,Beintza-Labaien,21/02/2017,4,4,3.11,31067,717.53,01/01/2020
30200036,0,2017310252,2017,18,Añorbe,22/06/2017,3.5,26,26.33,263292.92,2385.79,01/01/2020
30200036,0,2017310251,2017,109,Galar,22/06/2017,2,95,95.71,957053.29,5074.62,01/01/2020
30200036,0,2017310253,2017,193,Cendea de Olza / Oltza Zendea,22/06/2017,18,54,54.49,544889.89,5351.76,01/01/2020
30200036,0,2017310077,2017,250,Bera,26/02/2017,3.67,3.67,3.18,31818.26,955.81,01/01/2020
30200036,0,2017310089,2017,137,Beintza-Labaien,27/02/2017,6,6,7.14,71362.19,1595.91,01/01/2020
30200036,0,2017310161,2017,50,Baztan,31/03/2017,210,210,190.99,1909864.2,8076.39,01/01/2020
30200036,0,2017310265,2017,181,Navascués / Nabaskoze,29/07/2017,0.5,4.3,3.3,33029.63,768.69,01/01/2020
30200036,0,2017310267,2017,74,Cirauqui / Zirauki,30/07/2017,9.7,21.8,21.93,219307.46,3357.61,01/01/2020
30200036,0,2017310151,2017,221,Doneztebe / Santesteban,29/03/2017,27.5,27.5,27.5,275017.47,3789.89,01/01/2020
30200036,0,2017310101,2017,137,Beintza-Labaien,03/03/2017,3.7,3.7,3.31,33142.48,768.95,01/01/2020
30200036,0,2017310102,2017,137,Beintza-Labaien,02/03/2017,0.1,0.1,0.08,752.56,274.44,01/01/2020
30200036,0,2017310000,2017,260,Valle de Yerri / Deierri,07/07/2017,0.09,6.26,6.28,62765.11,1162.38,01/01/2020
30200036,0,0,2018,207,Pueyo / Puiu,01/09/2018,4.5,4.5,4.05,40546.92,1601.52,01/01/2020
30200036,0,2018310042,2018,50,Baztan,03/04/2018,16.5,16.5,20.55,205510.75,2424.89,01/01/2020
30200036,0,0,2018,202,Peralta / Azkoien,06/08/2018,0,9.3,9.31,93105.22,1607.8,01/01/2020
30200036,0,0,2018,692,Sierra de Aralar,08/10/2018,4.7,4.7,5.07,50735.64,1407.24,01/01/2020
30200036,0,0,2018,608,Facería 108,16/05/2018,10.6,0,10.35,103455.23,2840.48,01/01/2020
30200036,0,0,2018,181,Navascués / Nabaskoze,16/08/2018,0.13,0.13,0.15,1509.56,167.56,01/01/2020
30200036,0,0,2018,57,Buñuel,18/07/2018,0.25,0.25,0.27,2727.12,379.58,01/01/2020
30200036,0,2018310053,2018,50,Baztan,19/04/2018,6.2,6.2,6.2,61992.32,1181.41,01/01/2020
30200036,0,2018310051,2018,104,Falces,18/04/2018,5.4,5.4,5.48,54841.63,1194.81,01/01/2020
30200036,0,2018310056,2018,50,Baztan,21/04/2018,6.1,6.1,6.1,61022.56,1231.05,01/01/2020
30200036,0,0,2018,183,Obanos,21/07/2018,2.01,4.41,4.84,48368.43,1386.4,01/01/2020
30200036,0,0,2018,50,Baztan,22/11/2018,10,10,10.05,100479.29,1784.2,01/01/2020
30200036,0,0,2018,523,Monte Común de las Améscoas,23/09/2018,0.43,0.43,0.39,3939.24,276.69,01/01/2020
30200036,0,0,2018,104,Falces,26/06/2018,0.8,2.6,2.63,26345.23,811.53,01/01/2020
30200036,0,0,2018,15,Andosilla,26/10/2018,0.04,0.04,0.03,299.71,64.34,01/01/2020
30200036,0,0,2018,153,Lesaka,27/12/2018,7,7,7.52,75165.47,1453.83,01/01/2020
30200036,0,0,2018,29,Los Arcos,28/07/2018,0.25,6.5,6.97,69704.48,1571.19,01/01/2020
30200036,0,0,2018,50,Baztan,01/10/2018,7.7,7.7,7.69,76877.51,1527.37,01/01/2020
30200036,0,2013310000,2013,50,Baztan,17/04/2013,68.39,68.39,68.39,683914.8,3394.52,01/01/2020
30200036,0,2018310048,2018,50,Baztan,06/04/2018,3.6,3.6,3.62,36209.04,1047.29,01/01/2020
30200036,0,2018310047,2018,36,Arróniz,06/04/2018,2.67,2.67,2.54,25390.75,1045.83,01/01/2020
30200036,0,2015310074,2015,67,Carcastillo,08/04/2015,1,1,1.04,10438.38,526.37,01/01/2020
