Date,TotalSteps,TotalDistance,VeryActiveMinutes,FairlyActiveMinutes,LightlyActiveMinutes,SedentaryMinutes,Calories,TotalMinutesAsleep,type
2016-04-12,13162,8.5,25,13,328,728,1985,327.0,NonSleepers
2016-04-13,10735,6.96999979019165,21,19,217,776,1797,384.0,NonSleepers
2016-04-15,9762,6.28000020980835,29,34,209,726,1745,412.0,NonSleepers
2016-04-16,12669,8.15999984741211,36,10,221,773,1863,340.0,NonSleepers
2016-04-19,15506,9.88000011444092,50,31,264,775,2035,304.0,NonSleepers
2016-04-20,10544,6.67999982833862,28,12,205,818,1786,360.0,NonSleepers
2016-04-21,9819,6.34000015258789,19,8,211,838,1775,325.0,NonSleepers
2016-04-23,14371,9.03999996185303,41,21,262,732,1949,361.0,NonSleepers
2016-04-24,10039,6.40999984741211,39,5,238,709,1788,430.0,NonSleepers
2016-04-25,15355,9.80000019073486,73,14,216,814,2013,277.0,NonSleepers
2016-04-26,13755,8.78999996185303,31,23,279,833,1970,245.0,NonSleepers
2016-04-28,13154,8.52999973297119,48,28,189,782,1898,366.0,NonSleepers
2016-04-29,11181,7.15000009536743,16,12,243,815,1837,341.0,NonSleepers
2016-04-30,14673,9.25,52,34,217,712,1947,404.0,NonSleepers
2016-05-01,10602,6.80999994277954,33,35,246,730,1820,369.0,NonSleepers
2016-05-02,14727,9.71000003814697,41,15,277,798,2004,277.0,NonSleepers
2016-05-03,15103,9.65999984741211,50,24,254,816,1990,273.0,NonSleepers
2016-05-05,14070,8.89999961853027,45,24,250,857,1959,247.0,NonSleepers
2016-05-06,12159,8.02999973297119,24,6,289,754,1896,334.0,NonSleepers
2016-05-07,11992,7.71000003814697,37,46,175,833,1821,331.0,NonSleepers
2016-05-08,10060,6.57999992370605,44,8,203,574,1740,594.0,Sleepers
2016-05-09,12022,7.71999979019165,46,11,206,835,1819,338.0,NonSleepers
2016-05-10,12207,7.76999998092651,46,31,214,746,1859,383.0,NonSleepers
2016-05-11,12770,8.13000011444092,36,23,251,669,1783,285.0,NonSleepers
2016-04-15,3844,2.53999996185303,0,0,176,527,1725,644.0,Sleepers
2016-05-01,2573,1.70000004768372,0,7,75,585,1541,590.0,Sleepers
2016-04-13,356,0.25,0,0,32,986,2151,398.0,NonSleepers
2016-04-15,980,0.680000007152557,0,0,51,941,2221,475.0,Sleepers
2016-04-26,3761,2.59999990463257,0,0,192,1058,2638,296.0,NonSleepers
2016-04-12,4414,2.74000000953674,3,8,181,706,1459,503.0,Sleepers
2016-04-13,4993,3.09999990463257,0,0,238,663,1521,531.0,Sleepers
2016-04-14,3335,2.0699999332428,0,0,197,653,1431,545.0,Sleepers
2016-04-15,3821,2.36999988555908,0,0,188,687,1444,523.0,Sleepers
2016-04-16,2547,1.58000004291534,0,0,150,728,1373,524.0,Sleepers
2016-04-19,2424,1.5,0,0,141,785,1356,498.0,Sleepers
2016-04-20,7222,4.48000001907349,0,0,327,623,1667,461.0,Sleepers
2016-04-21,2467,1.52999997138977,0,0,153,749,1370,477.0,Sleepers
2016-04-22,2915,1.80999994277954,0,0,162,712,1399,520.0,Sleepers
2016-04-23,12357,7.71000003814697,0,0,432,458,1916,522.0,Sleepers
2016-04-24,3490,2.16000008583069,0,0,164,704,1401,555.0,Sleepers
2016-04-25,6017,3.73000001907349,0,0,260,821,1576,506.0,Sleepers
2016-04-27,6088,3.76999998092651,0,0,286,586,1593,508.0,Sleepers
2016-04-28,6375,3.95000004768372,0,0,331,626,1649,513.0,Sleepers
2016-04-29,7604,4.71000003814697,0,0,352,492,1692,490.0,Sleepers
2016-04-30,4729,2.9300000667572,0,0,233,594,1506,573.0,Sleepers
2016-05-01,3609,2.27999997138977,0,0,191,716,1447,527.0,Sleepers
2016-05-02,7018,4.34999990463257,0,0,355,716,1690,511.0,Sleepers
2016-05-04,6564,4.07000017166138,0,0,345,530,1658,538.0,Sleepers
2016-05-05,12167,7.53999996185303,0,0,475,479,1926,468.0,Sleepers
2016-05-06,8198,5.07999992370605,0,0,383,511,1736,524.0,Sleepers
2016-05-07,4193,2.59999990463257,0,0,229,665,1491,511.0,Sleepers
2016-05-08,5528,3.45000004768372,0,0,258,610,1555,541.0,Sleepers
2016-05-09,10685,6.61999988555908,0,0,401,543,1869,531.0,Sleepers
2016-05-11,8580,5.32000017166138,0,0,330,569,1698,523.0,Sleepers
2016-05-12,8891,5.51000022888184,0,0,343,330,1364,456.0,Sleepers
2016-04-13,10352,7.01000022888184,19,32,195,676,2038,467.0,Sleepers
2016-04-14,10129,6.69999980926514,1,48,206,705,2010,445.0,Sleepers
2016-04-15,10465,6.92000007629395,1,24,284,720,2133,452.0,Sleepers
2016-04-17,5472,3.61999988555908,1,7,249,508,1882,556.0,Sleepers
2016-04-18,8247,5.44999980926514,11,16,206,678,1944,500.0,Sleepers
2016-04-19,6711,4.44000005722046,0,7,382,648,2346,465.0,Sleepers
2016-04-21,10080,6.75,23,26,208,761,2048,460.0,Sleepers
2016-04-22,7804,5.15999984741211,9,27,206,781,1946,405.0,NonSleepers
2016-04-23,16901,11.3699998855591,32,35,360,591,2629,374.0,NonSleepers
2016-04-24,9471,6.26000022888184,0,0,360,584,2187,442.0,Sleepers
2016-04-25,9482,6.38000011444092,15,11,277,653,2095,433.0,Sleepers
2016-04-26,5980,3.95000004768372,0,0,227,732,1861,436.0,Sleepers
2016-04-27,11423,7.57999992370605,26,9,295,623,2194,448.0,Sleepers
2016-04-28,5439,3.59999990463257,0,0,229,764,1854,408.0,NonSleepers
2016-04-12,8856,5.98000001907349,44,19,131,777,1450,274.0,NonSleepers
2016-04-13,10035,6.71000003814697,31,46,153,754,1495,295.0,NonSleepers
2016-04-14,7641,5.1100001335144,5,23,214,801,1433,291.0,NonSleepers
2016-04-15,9010,6.05999994277954,15,42,183,644,1468,424.0,NonSleepers
2016-04-16,13459,9.0,31,83,153,663,1625,283.0,NonSleepers
2016-04-17,10415,6.96999979019165,11,58,205,600,1529,381.0,NonSleepers
2016-04-18,11663,7.80000019073486,4,95,214,605,1584,412.0,NonSleepers
2016-04-19,12414,8.77999973297119,19,67,221,738,1638,219.0,NonSleepers
2016-04-21,6093,4.07999992370605,0,0,242,712,1397,332.0,NonSleepers
2016-04-22,8911,5.96000003814697,33,12,188,731,1481,355.0,NonSleepers
2016-04-23,12058,8.06999969482422,0,92,252,724,1638,235.0,NonSleepers
2016-04-24,14112,10.0,30,95,129,660,1655,310.0,NonSleepers
2016-04-25,11177,8.47999954223633,50,9,133,781,1570,262.0,NonSleepers
2016-04-26,11388,7.61999988555908,7,95,170,797,1551,250.0,NonSleepers
2016-04-27,7193,5.03999996185303,0,10,176,714,1377,349.0,NonSleepers
2016-04-28,7114,4.88000011444092,15,8,190,804,1407,261.0,NonSleepers
2016-04-29,10645,7.75,36,32,150,744,1545,333.0,NonSleepers
2016-04-30,13238,9.19999980926514,43,52,194,687,1650,237.0,NonSleepers
2016-05-01,10414,7.07000017166138,41,40,124,691,1501,383.0,NonSleepers
2016-05-02,16520,11.0500001907349,24,143,176,713,1760,230.0,NonSleepers
2016-05-03,14335,9.59000015258789,47,41,258,594,1710,292.0,NonSleepers
2016-05-04,13559,9.4399995803833,14,96,142,852,1628,213.0,NonSleepers
2016-05-05,12312,8.57999992370605,14,88,178,680,1618,318.0,NonSleepers
2016-05-06,11677,8.27999973297119,29,55,168,676,1590,323.0,NonSleepers
2016-05-07,11550,7.73000001907349,0,86,208,703,1574,237.0,NonSleepers
2016-05-08,13585,9.09000015258789,9,116,171,688,1633,259.0,NonSleepers
2016-05-10,13072,8.77999973297119,1,115,196,676,1630,312.0,NonSleepers
2016-04-12,8539,6.11999988555908,4,15,331,712,3654,501.0,Sleepers
2016-05-03,4496,3.22000002861023,0,0,174,950,2828,322.0,NonSleepers
2016-05-04,10252,7.34999990463257,13,46,346,531,3879,478.0,Sleepers
2016-05-05,11728,8.43000030517578,38,42,196,916,3429,226.0,NonSleepers
2016-05-06,4369,3.13000011444092,0,0,177,855,2704,385.0,NonSleepers
2016-05-08,5862,4.19999980926514,0,0,263,775,3089,364.0,NonSleepers
2016-05-10,5546,3.98000001907349,0,0,206,774,2926,442.0,Sleepers
2016-04-14,10210,6.88000011444092,1,9,339,589,2302,535.0,Sleepers
2016-04-15,5664,3.79999995231628,0,0,228,752,1985,465.0,Sleepers
2016-04-16,4744,3.1800000667572,0,0,194,724,1884,506.0,Sleepers
2016-04-18,2276,1.54999995231628,1,9,58,824,1632,515.0,Sleepers
2016-04-19,8925,5.98999977111816,0,0,311,604,2200,461.0,Sleepers
2016-04-20,8954,6.01000022888184,0,18,306,671,2220,523.0,Sleepers
2016-04-22,4500,3.01999998092651,1,19,176,709,1886,533.0,Sleepers
2016-04-24,4081,2.74000000953674,1,5,191,692,1880,467.0,Sleepers
2016-04-25,9259,6.21000003814697,0,8,390,544,2314,488.0,Sleepers
2016-04-26,9899,6.6399998664856,8,21,288,649,2236,505.0,Sleepers
2016-04-27,10780,7.23000001907349,6,47,300,680,2324,286.0,NonSleepers
2016-04-28,10817,7.28000020980835,13,8,359,552,2367,497.0,Sleepers
2016-04-29,7990,5.3600001335144,6,18,289,624,2175,523.0,Sleepers
2016-04-30,8221,5.51999998092651,6,38,196,695,2092,490.0,Sleepers
2016-05-01,1251,0.839999973773956,0,0,67,836,1593,484.0,Sleepers
2016-05-02,9261,6.23999977111816,0,11,344,585,2270,478.0,Sleepers
2016-05-03,9648,6.46999979019165,8,26,287,669,2235,474.0,Sleepers
2016-05-06,9524,6.42000007629395,6,11,314,692,2266,450.0,Sleepers
2016-05-07,7937,5.32999992370605,3,28,279,586,2158,507.0,Sleepers
2016-05-08,3672,2.46000003814697,0,0,153,603,1792,602.0,Sleepers
2016-05-09,10378,6.96000003814697,2,14,374,490,2345,535.0,Sleepers
2016-05-10,9487,6.36999988555908,3,12,329,555,2260,487.0,Sleepers
2016-05-11,9129,6.13000011444092,3,18,311,574,2232,529.0,Sleepers
2016-04-15,8758,6.73000001907349,0,0,299,837,3066,499.0,Sleepers
2016-04-16,6580,5.05999994277954,6,9,253,609,3073,426.0,NonSleepers
2016-04-17,4660,3.57999992370605,0,0,201,721,2572,619.0,Sleepers
2016-04-19,10181,7.82999992370605,20,16,249,704,3015,329.0,NonSleepers
2016-04-20,10553,8.11999988555908,19,42,228,696,3083,421.0,NonSleepers
2016-04-21,10055,7.73000001907349,7,12,272,853,3069,442.0,Sleepers
2016-04-23,13236,10.1800003051758,58,5,215,749,3306,478.0,Sleepers
2016-04-24,10243,7.88000011444092,14,8,239,584,2885,552.0,Sleepers
2016-04-26,9461,7.28000020980835,14,23,224,673,2929,319.0,NonSleepers
2016-04-27,11193,8.60999965667725,11,48,241,684,3074,439.0,Sleepers
2016-04-28,10074,7.75,19,9,234,878,2969,428.0,NonSleepers
2016-04-30,12533,9.64000034332275,14,43,300,537,3283,409.0,NonSleepers
2016-05-01,10255,7.8899998664856,12,15,241,579,2926,547.0,Sleepers
2016-05-02,10096,8.39999961853027,33,4,204,935,3147,368.0,NonSleepers
2016-05-04,12375,9.52000045776367,35,21,251,632,3162,390.0,NonSleepers
2016-05-05,9603,7.38000011444092,12,39,199,896,2899,471.0,Sleepers
2016-05-05,9603,7.38000011444092,12,39,199,896,2899,471.0,Sleepers
2016-05-07,22770,17.5400009155273,120,56,260,508,4022,472.0,Sleepers
2016-05-08,17298,14.3800001144409,107,38,178,576,3934,529.0,Sleepers
2016-05-10,10299,7.92000007629395,13,14,267,648,3061,354.0,NonSleepers
2016-05-11,10201,7.84000015258789,8,18,256,858,2954,469.0,Sleepers
2016-04-12,3276,2.20000004768372,0,0,196,787,2113,429.0,NonSleepers
2016-04-13,2961,1.99000000953674,0,0,194,840,2095,370.0,NonSleepers
2016-04-14,3974,2.67000007629395,0,0,231,717,2194,441.0,Sleepers
2016-04-15,7198,4.82999992370605,0,0,350,711,2496,337.0,NonSleepers
2016-04-16,3945,2.65000009536743,0,0,225,716,2180,462.0,Sleepers
2016-04-19,2064,1.38999998569489,0,0,121,895,1954,388.0,NonSleepers
2016-04-20,2072,1.38999998569489,0,0,137,841,1974,439.0,Sleepers
2016-04-21,3809,2.55999994277954,0,0,215,756,2150,436.0,Sleepers
2016-04-22,6831,4.57999992370605,0,0,317,706,2432,388.0,NonSleepers
2016-04-25,3385,2.26999998092651,0,0,179,916,2070,328.0,NonSleepers
2016-04-26,6326,4.40999984741211,29,1,180,839,2291,353.0,NonSleepers
2016-04-27,7243,5.03000020980835,32,1,194,839,2361,332.0,NonSleepers
2016-04-28,4493,3.00999999046326,0,0,236,762,2203,419.0,NonSleepers
2016-04-30,6222,4.17999982833862,0,0,290,797,2363,322.0,NonSleepers
2016-05-01,5232,3.50999999046326,0,0,240,741,2246,439.0,Sleepers
2016-05-02,6910,4.75,27,4,200,667,2336,502.0,Sleepers
2016-05-03,7502,5.17999982833862,30,2,233,725,2421,417.0,NonSleepers
2016-05-04,2923,1.96000003814697,0,0,180,897,2070,337.0,NonSleepers
2016-05-05,3800,2.54999995231628,2,6,185,734,2120,462.0,Sleepers
2016-05-06,4514,3.02999997138977,0,0,229,809,2211,374.0,NonSleepers
2016-05-07,5183,3.58999991416931,26,4,108,866,2123,401.0,NonSleepers
2016-05-08,7303,4.90000009536743,0,8,308,733,2423,361.0,NonSleepers
2016-05-09,5275,3.53999996185303,0,0,266,641,2281,457.0,Sleepers
2016-05-10,3915,2.63000011444092,0,0,231,783,2181,405.0,NonSleepers
2016-05-11,9105,6.1100001335144,34,22,232,622,2499,499.0,Sleepers
2016-04-29,7833,5.17999982833862,15,29,197,1096,1918,171.0,NonSleepers
2016-04-12,7213,5.88000011444092,0,0,263,718,2947,425.0,NonSleepers
2016-04-13,6877,5.57999992370605,0,0,258,777,2898,400.0,NonSleepers
2016-04-14,7860,6.36999988555908,0,0,271,772,2984,384.0,NonSleepers
2016-04-15,6506,5.28000020980835,1,8,256,944,2896,253.0,NonSleepers
2016-04-16,11140,9.02999973297119,3,24,335,556,3328,382.0,NonSleepers
2016-04-17,12692,10.289999961853,12,66,302,437,3394,591.0,Sleepers
2016-04-18,9105,7.38000011444092,22,30,191,890,3013,293.0,NonSleepers
2016-04-19,6708,5.44000005722046,10,8,179,757,2812,457.0,Sleepers
2016-04-20,8793,7.13000011444092,2,29,260,717,3061,454.0,Sleepers
2016-04-21,6530,5.30000019073486,4,41,144,901,2729,425.0,NonSleepers
2016-04-23,15126,12.2700004577637,9,66,408,469,3691,465.0,Sleepers
2016-04-24,15050,12.2200002670288,15,95,281,542,3538,480.0,Sleepers
2016-04-25,9167,7.42999982833862,6,15,270,730,3064,370.0,NonSleepers
2016-04-26,6108,4.94999980926514,1,8,216,765,2784,421.0,NonSleepers
2016-04-27,7047,5.71999979019165,1,16,238,733,2908,432.0,Sleepers
2016-04-28,9023,7.32000017166138,14,9,232,738,3033,442.0,Sleepers
2016-04-29,9930,8.05000019073486,12,19,267,692,3165,433.0,Sleepers
2016-04-30,10144,8.22999954223633,4,36,263,728,3115,479.0,Sleepers
2016-05-03,9454,7.67000007629395,0,0,313,729,3145,327.0,NonSleepers
2016-05-04,8161,6.61999988555908,4,15,251,757,3004,412.0,NonSleepers
2016-05-05,8614,6.98999977111816,8,5,241,745,3006,414.0,NonSleepers
2016-05-06,6943,5.63000011444092,1,16,207,682,2859,404.0,NonSleepers
2016-05-07,14370,11.6499996185303,5,46,439,577,3683,520.0,Sleepers
2016-05-07,14370,11.6499996185303,5,46,439,577,3683,520.0,Sleepers
2016-05-09,8232,6.67999982833862,0,12,253,746,2990,435.0,Sleepers
2016-05-10,10613,8.60999965667725,1,37,262,701,3172,416.0,NonSleepers
2016-05-11,9810,7.96000003814697,10,41,235,784,3069,354.0,NonSleepers
2016-04-12,11596,7.57000017166138,19,13,277,767,2026,441.0,Sleepers
2016-04-13,4832,3.16000008583069,0,0,226,647,1718,455.0,Sleepers
2016-04-14,17022,11.1199998855591,61,41,256,693,2324,357.0,NonSleepers
2016-04-15,16556,10.8599996566772,58,38,239,689,2254,377.0,NonSleepers
2016-04-16,5771,3.76999998092651,0,0,288,521,1831,651.0,Sleepers
2016-04-17,655,0.430000007152557,0,0,46,943,1397,350.0,NonSleepers
2016-04-18,3727,2.4300000667572,0,0,206,622,1683,520.0,Sleepers
2016-04-19,15482,10.1099996566772,69,28,249,756,2284,357.0,NonSleepers
2016-04-20,2713,1.76999998092651,0,0,148,598,1570,658.0,Sleepers
2016-04-21,12346,8.0600004196167,47,42,177,801,2066,399.0,NonSleepers
2016-04-22,11682,7.63000011444092,25,16,270,781,2105,322.0,NonSleepers
2016-04-23,4112,2.69000005722046,0,0,272,443,1776,631.0,Sleepers
2016-04-24,1807,1.17999994754791,0,0,104,582,1507,553.0,Sleepers
2016-04-25,10946,7.19000005722046,51,11,201,732,2033,433.0,Sleepers
2016-04-26,11886,7.76000022888184,40,18,238,750,2093,412.0,NonSleepers
2016-04-27,10538,6.88000011444092,16,16,206,745,1922,347.0,NonSleepers
2016-04-28,11393,7.63000011444092,49,13,165,727,1999,421.0,NonSleepers
2016-04-29,12764,8.32999992370605,46,15,270,709,2169,450.0,Sleepers
2016-05-01,5164,3.36999988555908,0,0,237,436,1747,622.0,Sleepers
2016-05-02,9769,6.38000011444092,23,9,227,724,1996,409.0,NonSleepers
2016-05-03,12848,8.39000034332275,26,29,247,812,2116,380.0,NonSleepers
2016-05-04,4249,2.76999998092651,0,0,224,651,1698,447.0,Sleepers
2016-05-05,14331,9.51000022888184,44,29,241,692,2156,419.0,NonSleepers
2016-05-06,9632,6.28999996185303,21,9,229,761,1916,400.0,NonSleepers
2016-05-07,1868,1.22000002861023,0,0,96,902,1494,442.0,Sleepers
2016-05-08,6083,4.0,3,8,210,505,1762,568.0,Sleepers
2016-05-09,11611,7.57999992370605,59,22,251,667,2272,453.0,Sleepers
2016-05-10,16358,10.710000038147,61,40,265,707,2335,418.0,NonSleepers
2016-05-11,4926,3.22000002861023,0,0,195,628,1693,463.0,Sleepers
2016-04-12,8135,6.07999992370605,86,16,140,728,3405,419.0,NonSleepers
2016-04-13,5077,3.78999996185303,15,11,144,776,2551,432.0,Sleepers
2016-04-14,8596,6.42000007629395,118,30,176,662,4022,477.0,Sleepers
2016-04-15,12087,9.07999992370605,115,54,199,695,4005,392.0,NonSleepers
2016-04-16,14269,10.6599998474121,184,56,158,472,4274,406.0,NonSleepers
2016-04-17,12231,9.14000034332275,200,37,159,525,4552,549.0,Sleepers
2016-04-18,9893,7.3899998664856,114,32,130,623,3625,527.0,Sleepers
2016-04-19,12574,9.42000007629395,108,23,111,733,3501,449.0,Sleepers
2016-04-20,8330,6.21999979019165,87,16,113,773,3192,447.0,Sleepers
2016-04-21,10830,8.09000015258789,110,74,175,670,4018,414.0,NonSleepers
2016-04-22,9172,6.84999990463257,62,30,200,823,3329,338.0,NonSleepers
2016-04-23,7638,5.71000003814697,24,24,223,627,3152,384.0,NonSleepers
2016-04-24,15764,11.7799997329712,210,65,141,425,4392,543.0,Sleepers
2016-04-25,6393,4.78000020980835,61,38,214,743,3374,421.0,NonSleepers
2016-04-26,5325,3.98000001907349,38,32,181,759,3088,354.0,NonSleepers
2016-04-27,6805,5.1399998664856,63,16,190,773,3294,424.0,NonSleepers
2016-04-28,9841,7.42999982833862,99,51,141,692,3580,361.0,NonSleepers
2016-04-29,7924,5.92000007629395,97,36,165,739,3544,459.0,Sleepers
2016-04-30,12363,9.23999977111816,207,45,163,621,4501,412.0,NonSleepers
2016-05-01,13368,9.98999977111816,194,72,178,499,4546,379.0,NonSleepers
2016-05-02,7439,5.55999994277954,37,20,235,732,3014,525.0,Sleepers
2016-05-03,11045,8.25,97,8,212,580,3795,508.0,Sleepers
2016-05-04,5206,3.89000010490417,25,9,141,631,2755,603.0,Sleepers
2016-05-10,8869,6.65000009536743,104,37,194,639,3841,504.0,Sleepers
2016-05-11,4038,3.03999996185303,45,15,63,257,1665,431.0,NonSleepers
2016-04-16,14450,10.9099998474121,7,15,518,502,2828,380.0,NonSleepers
2016-04-17,7150,5.40000009536743,0,0,312,702,2225,336.0,NonSleepers
2016-04-18,5153,3.91000008583069,0,0,241,759,2018,493.0,Sleepers
2016-04-19,11135,8.40999984741211,0,0,480,425,2606,465.0,Sleepers
2016-04-20,10449,8.02000045776367,26,10,349,587,2536,474.0,Sleepers
2016-04-21,19542,15.0100002288818,11,19,294,579,4900,508.0,Sleepers
2016-04-22,8206,6.19999980926514,0,0,402,413,2409,480.0,Sleepers
2016-04-23,11495,8.68000030517578,0,0,512,468,2651,492.0,Sleepers
2016-04-24,7623,5.76000022888184,0,0,362,711,2305,353.0,NonSleepers
2016-04-27,9411,7.1100001335144,0,0,458,417,2576,542.0,Sleepers
2016-04-28,3403,2.59999990463257,0,0,141,758,1879,393.0,NonSleepers
2016-04-29,9592,7.23999977111816,0,0,461,479,2560,600.0,Sleepers
2016-05-01,8915,6.73000001907349,0,0,397,525,2361,507.0,Sleepers
2016-05-05,9799,7.40000009536743,0,0,487,479,2636,392.0,NonSleepers
2016-05-06,3365,2.6800000667572,0,0,133,673,1838,658.0,Sleepers
2016-05-07,7336,5.53999996185303,0,0,412,456,2469,498.0,Sleepers
2016-05-08,7328,5.53000020980835,0,0,318,517,2250,555.0,Sleepers
2016-04-13,4053,2.91000008583069,17,18,85,1053,2400,235.0,NonSleepers
2016-04-14,5162,3.70000004768372,14,24,105,863,2507,423.0,NonSleepers
2016-04-15,1282,0.920000016689301,0,0,58,976,2127,391.0,NonSleepers
2016-04-12,10199,6.73999977111816,50,14,189,796,1994,366.0,NonSleepers
2016-04-13,5652,3.74000000953674,8,24,142,548,1718,630.0,Sleepers
2016-04-14,1551,1.02999997138977,0,0,86,862,1466,508.0,Sleepers
2016-04-15,5563,3.6800000667572,0,0,217,837,1756,370.0,NonSleepers
2016-04-16,13217,8.73999977111816,50,3,280,741,2173,357.0,NonSleepers
2016-04-17,10145,6.71000003814697,5,13,295,634,2027,427.0,NonSleepers
2016-04-18,11404,7.53999996185303,13,42,238,689,2039,442.0,Sleepers
2016-04-19,10742,7.09999990463257,35,41,195,659,2046,476.0,Sleepers
2016-04-20,13928,9.55000019073486,48,4,297,639,2174,418.0,NonSleepers
2016-04-21,11835,9.71000003814697,53,27,214,708,2179,451.0,Sleepers
2016-04-22,10725,7.09000015258789,30,33,240,659,2086,425.0,NonSleepers
2016-04-23,20031,13.2399997711182,58,41,347,484,2571,528.0,Sleepers
2016-04-24,5029,3.3199999332428,0,0,199,720,1705,511.0,Sleepers
2016-04-25,13239,9.27000045776367,35,31,282,637,2194,400.0,NonSleepers
2016-04-26,10433,6.90000009536743,36,7,254,680,2012,441.0,Sleepers
2016-04-27,10320,6.82000017166138,7,38,279,697,2034,455.0,Sleepers
2016-04-28,12627,8.35000038146973,38,8,288,621,2182,440.0,Sleepers
2016-04-29,10762,7.1100001335144,12,15,369,645,2254,433.0,Sleepers
2016-04-30,10081,6.65999984741211,32,16,237,731,2002,422.0,NonSleepers
2016-05-01,5454,3.60999989509583,0,0,215,722,1740,411.0,NonSleepers
2016-05-02,12912,8.53999996185303,18,39,313,655,2162,466.0,Sleepers
2016-05-03,12109,8.11999988555908,21,36,267,654,2072,394.0,NonSleepers
2016-05-04,10147,6.71000003814697,15,36,284,683,2086,442.0,Sleepers
2016-05-05,10524,6.96000003814697,14,22,305,591,2066,467.0,Sleepers
2016-05-06,5908,3.91000008583069,0,0,299,717,1850,443.0,Sleepers
2016-05-07,6815,4.5,0,0,328,745,1947,298.0,NonSleepers
2016-05-08,4188,2.76999998092651,0,14,151,709,1659,541.0,Sleepers
2016-05-09,12342,8.72000026702881,43,21,231,607,2105,489.0,Sleepers
2016-05-10,15448,10.210000038147,62,34,275,626,2361,469.0,Sleepers
2016-05-11,6722,4.44000005722046,24,7,199,709,1855,452.0,Sleepers
2016-04-12,11317,8.40999984741211,59,6,153,745,2772,514.0,Sleepers
2016-04-13,5813,3.61999988555908,31,26,155,744,2516,451.0,Sleepers
2016-04-14,9123,6.11999988555908,35,32,189,787,2734,472.0,Sleepers
2016-04-15,8585,5.67000007629395,30,21,139,864,2395,377.0,NonSleepers
2016-04-19,10688,7.28999996185303,67,69,124,671,2944,472.0,Sleepers
2016-04-20,14365,10.6400003433228,87,13,145,797,2997,492.0,Sleepers
2016-04-21,9469,6.17999982833862,19,6,206,758,2463,390.0,NonSleepers
2016-04-22,9753,6.53000020980835,58,59,153,762,2846,428.0,NonSleepers
2016-04-25,10091,6.82000017166138,69,39,129,706,2752,446.0,Sleepers
2016-04-26,10387,7.07000017166138,70,33,132,726,2781,485.0,Sleepers
2016-04-27,11107,8.34000015258789,55,6,145,829,2693,469.0,Sleepers
2016-04-28,11584,7.80000019073486,54,48,161,810,2862,354.0,NonSleepers
2016-04-30,14560,9.40999984741211,42,17,308,584,2995,485.0,Sleepers
2016-05-01,12390,8.06999969482422,30,15,258,685,2730,388.0,NonSleepers
2016-05-02,10052,6.80999994277954,66,26,139,737,2754,440.0,Sleepers
2016-05-03,10288,6.76000022888184,57,36,152,761,2754,456.0,Sleepers
2016-05-04,10988,8.3100004196167,45,12,135,843,2655,420.0,NonSleepers
2016-05-06,12461,8.38000011444092,84,35,154,834,2924,322.0,NonSleepers
2016-05-07,12827,8.47999954223633,20,42,209,621,2739,530.0,Sleepers
2016-05-08,10677,7.09999990463257,32,27,147,695,2534,481.0,Sleepers
2016-05-09,13566,9.10999965667725,67,50,171,743,2960,427.0,NonSleepers
2016-05-11,9572,6.51999998092651,57,40,128,757,2735,451.0,Sleepers
2016-04-20,15108,12.1899995803833,89,5,158,695,3043,486.0,Sleepers
2016-04-23,22359,17.1900005340576,125,14,223,741,3554,331.0,NonSleepers
2016-04-12,7626,6.05000019073486,65,15,156,723,3635,338.0,NonSleepers
2016-04-13,12386,9.81999969482422,116,14,169,680,4079,447.0,Sleepers
2016-04-14,13318,10.5600004196167,123,21,174,699,4163,424.0,NonSleepers
2016-04-15,14461,11.4700002670288,60,23,190,729,3666,513.0,Sleepers
2016-04-16,11207,8.89000034332275,64,21,142,563,3363,611.0,Sleepers
2016-04-17,2132,1.69000005722046,0,0,93,599,2572,525.0,Sleepers
2016-04-18,13630,10.8100004196167,117,10,174,720,4157,398.0,NonSleepers
2016-04-19,13070,10.3599996566772,120,19,154,737,4092,387.0,NonSleepers
2016-04-20,9388,7.44000005722046,82,8,169,763,3787,381.0,NonSleepers
2016-04-21,15148,12.0100002288818,137,16,145,677,4236,396.0,NonSleepers
2016-04-22,12200,9.67000007629395,113,12,159,769,4044,441.0,Sleepers
2016-04-23,5709,4.53000020980835,19,10,136,740,2908,565.0,Sleepers
2016-04-24,3703,2.94000005722046,0,0,135,734,2741,458.0,Sleepers
2016-04-25,12405,9.84000015258789,117,16,141,692,4005,388.0,NonSleepers
2016-04-25,12405,9.84000015258789,117,16,141,692,4005,388.0,NonSleepers
2016-04-26,16208,12.8500003814697,90,18,161,593,3763,550.0,Sleepers
2016-04-27,7359,5.84000015258789,4,4,192,676,3061,531.0,Sleepers
2016-04-28,5417,4.30000019073486,11,10,139,711,2884,506.0,Sleepers
2016-04-29,6175,4.90000009536743,3,7,172,767,2982,527.0,Sleepers
2016-04-30,2946,2.33999991416931,0,0,121,780,2660,468.0,Sleepers
2016-05-01,11419,9.0600004196167,71,10,127,669,3369,475.0,Sleepers
2016-05-02,6064,4.80999994277954,63,4,142,802,3491,351.0,NonSleepers
2016-05-03,8712,6.90999984741211,71,20,195,822,3784,405.0,NonSleepers
2016-05-04,7875,6.23999977111816,19,10,167,680,3110,441.0,Sleepers
2016-05-05,8567,6.78999996185303,66,3,214,764,3783,381.0,NonSleepers
2016-05-06,7045,5.59000015258789,74,5,166,831,3644,323.0,NonSleepers
2016-05-07,4468,3.53999996185303,0,0,158,851,2799,459.0,Sleepers
2016-05-08,2943,2.32999992370605,0,0,139,621,2685,545.0,Sleepers
2016-05-09,8382,6.65000009536743,71,13,171,772,3721,359.0,NonSleepers
2016-05-10,6582,5.21999979019165,63,13,152,840,3586,342.0,NonSleepers
2016-05-11,9143,7.25,72,10,184,763,3788,368.0,NonSleepers
2016-05-12,4561,3.61999988555908,8,6,102,433,1976,496.0,Sleepers
2016-04-12,2564,1.63999998569489,0,0,116,831,2044,458.0,Sleepers
2016-04-13,1320,0.839999973773956,0,0,82,806,1934,531.0,Sleepers
2016-04-14,1219,0.779999971389771,0,0,84,853,1963,486.0,Sleepers
2016-04-15,2483,1.5900000333786,0,0,126,937,2009,363.0,NonSleepers
2016-04-20,3147,2.00999999046326,0,10,139,744,2188,528.0,Sleepers
2016-04-22,4068,2.59999990463257,1,20,195,817,2419,391.0,NonSleepers
2016-04-23,5245,3.35999989509583,8,45,232,795,2748,339.0,NonSleepers
2016-04-27,1758,1.12999999523163,0,0,112,900,2067,423.0,NonSleepers
2016-04-28,6157,3.94000005722046,0,0,310,714,2780,402.0,NonSleepers
2016-04-29,8360,5.34999990463257,6,14,380,634,3101,398.0,NonSleepers
2016-04-30,7174,4.59000015258789,10,20,301,749,2896,343.0,NonSleepers
2016-05-01,1619,1.03999996185303,0,0,79,834,1962,503.0,Sleepers
2016-05-02,1831,1.16999995708466,0,0,101,916,2015,415.0,NonSleepers
2016-05-03,2421,1.54999995231628,0,0,156,739,2297,516.0,Sleepers
2016-05-04,2283,1.46000003814697,0,0,129,848,2067,439.0,Sleepers
